MessageType,Provider,LatitudeDegrees,LongitudeDegrees,AltitudeMeters,SpeedMps,AccuracyMeters,BearingDegrees,UnixTimeMillis
Fix,GT,34.1570327,-118.634522,250.1240008881071,0.007000121,0.1,55.88382,1638995330000
Fix,GT,34.1570327,-118.6345219,250.12399564681925,0.004242503,0.099,55.884247,1638995331000
Fix,GT,34.1570326,-118.6345218,250.1240028117325,0.0064029177,0.1,55.884827,1638995332000
Fix,GT,34.1570326,-118.6345218,250.12399746638468,0.017262572,0.1,55.884888,1638995333000
Fix,GT,34.1570325,-118.634522,250.1230047371589,0.031257402,0.1,55.886383,1638995334000
Fix,GT,34.1570325,-118.6345224,250.12299949589203,0.056142963,0.1,55.884796,1638995335000
Fix,GT,34.157032,-118.6345241,250.12700666270317,0.3689553,0.1,56.051453,1638995336000
Fix,GT,34.1570286,-118.6345291,250.12600151266676,0.7523986,0.1,58.91873,1638995337000
Fix,GT,34.157023,-118.6345369,250.12799385567533,0.9885349,0.1,66.39484,1638995338000
Fix,GT,34.1570166,-118.6345476,250.1300006763899,1.2367239,0.1,78.38162,1638995339000
Fix,GT,34.1570108,-118.6345633,250.11999802375317,1.5746908,0.1,94.07938,1638995340000
Fix,GT,34.1570082,-118.6345841,250.09200503581152,1.8286145,0.1,113.640045,1638995341000
Fix,GT,34.1570114,-118.6346055,250.0639948784888,1.4788679,0.1,133.64627,1638995342000
Fix,GT,34.1570163,-118.6346165,250.0480046216937,0.52344203,0.1,142.29016,1638995343000
Fix,GT,34.1570171,-118.6346184,250.04699688542928,0.11448983,0.1,142.8566,1638995344000
Fix,GT,34.1570162,-118.6346186,250.04300392144037,0.36735305,0.1,143.80688,1638995345000
Fix,GT,34.157009,-118.6346152,250.04599887929635,1.3764148,0.1,148.02295,1638995346000
Fix,GT,34.1569945,-118.6346058,250.07099375792703,2.2119315,0.099,149.0448,1638995347000
Fix,GT,34.1569755,-118.6345911,250.10800080434063,2.7507277,0.1,147.50085,1638995348000
Fix,GT,34.1569536,-118.6345744,250.1520032869355,2.8476295,0.1,147.57019,1638995349000
Fix,GT,34.1569327,-118.6345599,250.18599517446083,2.425804,0.1,150.15448,1638995350000
Fix,GT,34.1569165,-118.6345526,250.19900225292488,1.579316,0.1,157.05963,1638995351000
Fix,GT,34.1569033,-118.6345508,250.1979971501168,1.5405196,0.1,166.61945,1638995352000
Fix,GT,34.1568877,-118.6345532,250.23800706325156,2.212378,0.1,179.97375,1638995353000
Fix,GT,34.1568672,-118.6345636,250.27800419233816,2.8402107,0.1,197.00052,1638995354000
Fix,GT,34.1568469,-118.6345824,250.30499636786715,2.9351213,0.1,213.7224,1638995355000
Fix,GT,34.1568332,-118.6346033,250.3500061631472,2.166135,0.1,227.1762,1638995356000
Fix,GT,34.1568256,-118.6346199,250.3209980118693,1.8098997,0.1,235.60503,1638995357000
Fix,GT,34.156821,-118.6346414,250.07800489002852,2.3769934,0.1,249.86353,1638995358000
Fix,GT,34.1568277,-118.6346685,249.9419981538569,3.2898576,0.1,277.8565,1638995359000
Fix,GT,34.1568487,-118.6347033,250.03100738614324,5.2561274,0.1,303.3464,1638995360000
Fix,GT,34.1568905,-118.6347494,250.01499956642027,7.586119,0.1,317.85278,1638995361000
Fix,GT,34.1569529,-118.6348033,249.91200660797756,9.359166,0.1,325.28314,1638995362000
Fix,GT,34.1570291,-118.6348601,249.7769989174469,10.554566,0.1,328.3653,1638995363000
Fix,GT,34.1571141,-118.6349214,249.642993715776,11.293702,0.099,328.72906,1638995364000
Fix,GT,34.1572025,-118.6349871,249.48800093021163,11.724673,0.1,327.19324,1638995365000
Fix,GT,34.1572937,-118.6350583,249.3130000203848,12.35149,0.1,326.70892,1638995365999
Fix,GT,34.1573901,-118.6351337,249.1390000815392,13.190159,0.1,326.5345,1638995366999
Fix,GT,34.1574908,-118.6352134,248.95400016522407,13.395219,0.1,326.4351,1638995367999
Fix,GT,34.1575915,-118.6352926,248.8140001066923,13.271989,0.1,326.52148,1638995368999
Fix,GT,34.1576925,-118.6353702,248.6830000553131,13.572529,0.1,327.7996,1638995369999
Fix,GT,34.1578009,-118.635451,248.6840001022816,14.939989,0.1,328.0136,1638995370999
Fix,GT,34.1579185,-118.635541,248.78699949336053,15.6633005,0.1,326.60275,1638995371999
Fix,GT,34.1580347,-118.6356356,248.94599967205525,15.406964,0.1,324.76892,1638995372999
Fix,GT,34.1581458,-118.6357333,249.19999917590616,15.024937,0.1,322.92813,1638995373999
Fix,GT,34.1582477,-118.6358283,249.6049986615777,13.245875,0.1,321.29358,1638995374999
Fix,GT,34.158332,-118.6359118,250.01599871450665,11.061961,0.1,319.66928,1638995375999
Fix,GT,34.1584019,-118.6359851,250.3629986975193,9.427434,0.1,317.98398,1638995376999
Fix,GT,34.1584558,-118.6360455,250.6839990952015,6.736296,0.1,316.44504,1638995377999
Fix,GT,34.1584896,-118.6360853,250.90999953186517,3.7196863,0.1,315.16382,1638995378999
Fix,GT,34.158505,-118.6361038,251.00399977111812,1.1922933,0.1,314.89456,1638995379999
Fix,GT,34.1585075,-118.6361068,251.00700019550325,0.03342159,0.1,314.8623,1638995380999
Fix,GT,34.1585076,-118.6361068,251.011,0.0053851497,0.1,314.86484,1638995381999
Fix,GT,34.1585076,-118.6361068,251.012,0.0020000553,0.1,314.8661,1638995382999
Fix,GT,34.1585076,-118.6361068,251.012,1.16825106e-07,0.1,314.86688,1638995383999
Fix,GT,34.1585076,-118.6361068,251.012,0.001,0.1,314.86777,1638995384999
Fix,GT,34.1585076,-118.6361068,251.012,6.479025e-08,0.1,314.86765,1638995385999
Fix,GT,34.1585076,-118.6361068,251.012,0.001,0.1,314.8675,1638995386999
Fix,GT,34.1585076,-118.6361068,251.012,0.0,0.1,314.8671,1638995387999
Fix,GT,34.1585076,-118.6361068,251.012,7.43866e-08,0.1,314.86606,1638995388999
Fix,GT,34.1585076,-118.6361068,251.012,0.001,0.1,314.8656,1638995389999
Fix,GT,34.1585076,-118.6361068,251.012,0.0010000335,0.1,314.8651,1638995390999
Fix,GT,34.1585076,-118.6361068,251.012,0.023343395,0.1,314.86514,1638995391999
Fix,GT,34.1585091,-118.6361087,251.017999912858,0.45608518,0.1,314.83496,1638995392999
Fix,GT,34.1585134,-118.6361138,251.04399963879587,0.8464041,0.1,314.77603,1638995393999
Fix,GT,34.1585198,-118.6361215,251.0799996259213,1.1504707,0.1,314.68002,1638995394999
Fix,GT,34.1585277,-118.6361312,251.13399941957,1.3378474,0.1,314.5818,1638995395999
Fix,GT,34.1585363,-118.6361418,251.1899995008111,1.2876462,0.1,314.47394,1638995396999
Fix,GT,34.1585428,-118.6361498,251.23099969083069,0.75308317,0.1,314.37988,1638995397999
Fix,GT,34.1585456,-118.6361533,251.248,0.19731876,0.1,314.35544,1638995398999
Fix,GT,34.158546,-118.6361538,251.249,0.004471891,0.1,314.35156,1638995399999
Fix,GT,34.158546,-118.6361538,251.249,1.1253358e-07,0.1,314.3522,1638995400999
Fix,GT,34.158546,-118.6361538,251.249,0.0010001431,0.1,314.35263,1638995401999
Fix,GT,34.158546,-118.6361538,251.249,0.0014141643,0.1,314.3526,1638995402999
Fix,GT,34.158546,-118.6361538,251.249,0.0010000506,0.1,314.35327,1638995403999
Fix,GT,34.158546,-118.6361538,251.249,0.0014142136,0.1,314.35358,1638995404999
Fix,GT,34.158546,-118.6361538,251.249,0.0014142136,0.1,314.3543,1638995405999
Fix,GT,34.158546,-118.6361538,251.249,0.0014141591,0.1,314.35538,1638995406999
Fix,GT,34.158546,-118.6361538,251.249,0.0014142136,0.1,314.35562,1638995407999
Fix,GT,34.158546,-118.6361538,251.249,1.953085e-07,0.1,314.3566,1638995408999
Fix,GT,34.158546,-118.6361538,251.249,0.0014142136,0.1,314.35706,1638995409999
Fix,GT,34.158546,-118.6361538,251.249,0.001,0.1,314.35788,1638995410999
Fix,GT,34.158546,-118.6361538,251.249,0.0014142136,0.1,314.359,1638995411999
Fix,GT,34.158546,-118.6361538,251.249,0.001,0.1,314.35974,1638995412999
Fix,GT,34.158546,-118.6361538,251.249,0.001,0.1,314.36087,1638995413999
Fix,GT,34.158546,-118.6361538,251.249,0.001,0.1,314.3616,1638995414999
Fix,GT,34.158546,-118.6361538,251.249,0.0019996793,0.1,314.36234,1638995415999
Fix,GT,34.158546,-118.6361538,251.249,0.001,0.1,314.36307,1638995416999
Fix,GT,34.158546,-118.6361538,251.249,0.0010001668,0.1,314.36423,1638995417999
Fix,GT,34.158546,-118.6361538,251.249,0.0014142136,0.1,314.36548,1638995418999
Fix,GT,34.158546,-118.6361538,251.249,0.0014142136,0.1,314.36658,1638995419999
Fix,GT,34.158546,-118.6361538,251.249,2.4934076e-07,0.1,314.36737,1638995420999
Fix,GT,34.158546,-118.6361538,251.249,0.0009998205,0.1,314.368,1638995421999
Fix,GT,34.158546,-118.6361538,251.249,0.0,0.1,314.3691,1638995422999
Fix,GT,34.158546,-118.6361538,251.249,0.001000077,0.1,314.37012,1638995423999
Fix,GT,34.158546,-118.6361538,251.249,0.0014139462,0.1,314.37137,1638995424999
Fix,GT,34.158546,-118.6361538,251.249,0.0010000797,0.1,314.37277,1638995425999
Fix,GT,34.158546,-118.6361538,251.249,0.001000081,0.1,314.3736,1638995426999
Fix,GT,34.158546,-118.6361538,251.249,0.0010000824,0.1,314.37433,1638995427999
Fix,GT,34.158546,-118.6361538,251.249,0.00141413,0.1,314.3753,1638995428999
Fix,GT,34.158546,-118.6361538,251.249,0.0014141286,0.1,314.377,1638995429999
Fix,GT,34.158546,-118.6361538,251.249,0.0014142136,0.1,314.37854,1638995430999
Fix,GT,34.158546,-118.6361538,251.249,0.0014142136,0.1,314.37994,1638995431999
Fix,GT,34.158546,-118.6361538,251.249,0.002236068,0.1,314.3816,1638995432999
Fix,GT,34.158546,-118.6361538,251.249,0.002236068,0.1,314.38312,1638995433999
Fix,GT,34.158546,-118.6361538,251.249,0.002000257,0.1,314.38516,1638995434999
Fix,GT,34.1585461,-118.6361539,251.2470002241731,0.08699034,0.1,314.38528,1638995435999
Fix,GT,34.1585484,-118.6361567,251.25699977272748,0.78492206,0.1,314.35016,1638995436999
Fix,GT,34.158559,-118.6361697,251.3129972341061,2.6242418,0.1,314.1894,1638995437999
Fix,GT,34.1585807,-118.6361969,251.43999602794645,4.237371,0.1,313.69415,1638995438999
Fix,GT,34.1586118,-118.6362364,251.6189938414097,5.8652787,0.1,313.26312,1638995439999
Fix,GT,34.1586513,-118.6362888,251.83599519824983,6.947515,0.1,311.90445,1638995440999
Fix,GT,34.1586945,-118.6363484,252.12399464988707,7.5740604,0.1,310.80026,1638995441999
Fix,GT,34.1587409,-118.6364134,252.4419933470488,8.248984,0.1,310.4212,1638995442999
Fix,GT,34.1587917,-118.636484,252.81798976540568,8.96397,0.1,310.37357,1638995443999
Fix,GT,34.1588456,-118.63656,253.18499241650105,9.253072,0.1,310.27252,1638995444999
Fix,GT,34.1588993,-118.6366354,253.524990015924,9.262067,0.1,310.7428,1638995445999
Fix,GT,34.1589574,-118.6367152,253.8799924826026,10.365965,0.1,310.77234,1638995446999
Fix,GT,34.1590216,-118.6368039,254.14899344199893,11.209623,0.1,311.1299,1638995447999
Fix,GT,34.1590892,-118.6368942,254.394993095994,11.357055,0.1,312.19568,1638995448999
Fix,GT,34.1591596,-118.6369863,254.6409943573475,11.562762,0.1,312.30008,1638995449999
Fix,GT,34.1592299,-118.637077,254.7789961931705,11.336216,0.1,313.5164,1638995450999
Fix,GT,34.1593014,-118.6371617,254.8769986243248,10.992857,0.1,316.22534,1638995451999
Fix,GT,34.1593735,-118.6372405,254.92799805194144,10.632611,0.1,318.18076,1638995452999
Fix,GT,34.1594438,-118.6373137,254.93500028151277,9.988266,0.1,319.35318,1638995453999
Fix,GT,34.1595083,-118.6373784,254.92100199228523,8.601362,0.1,320.3203,1638995454999
Fix,GT,34.1595635,-118.6374311,254.85000230264663,7.0949225,0.1,322.01834,1638995455999
Fix,GT,34.1596103,-118.6374717,254.7820014552474,5.7389693,0.1,324.60815,1638995456999
Fix,GT,34.1596463,-118.6375004,254.7210017656088,4.0077596,0.1,326.4089,1638995457999
Fix,GT,34.1596717,-118.6375199,254.66200178456307,2.7247324,0.1,327.14297,1638995458999
Fix,GT,34.159689,-118.6375329,254.61700120234488,1.7019752,0.1,327.74094,1638995459999
Fix,GT,34.1596968,-118.6375386,254.59500030374528,0.4334605,0.1,327.96948,1638995460999
Fix,GT,34.1596977,-118.6375393,254.58899969303607,0.0064033936,0.1,328.00095,1638995461999
Fix,GT,34.1596977,-118.6375392,254.588,0.0010003835,0.1,328.00174,1638995462999
Fix,GT,34.1596977,-118.6375392,254.5889996866584,0.0014140839,0.1,327.99994,1638995463999
Fix,GT,34.1596977,-118.6375392,254.589,0.001,0.1,328.00018,1638995464999
Fix,GT,34.1596977,-118.6375392,254.589,0.001,0.1,327.99994,1638995465999
Fix,GT,34.1596977,-118.6375392,254.589,0.0014140799,0.1,327.9994,1638995466999
Fix,GT,34.1596977,-118.6375392,254.589,0.0014140785,0.1,327.99896,1638995467999
Fix,GT,34.1596977,-118.6375392,254.589,0.0014142136,0.1,327.9985,1638995468999
Fix,GT,34.1596977,-118.6375392,254.589,0.0014142136,0.1,327.99802,1638995469999
Fix,GT,34.1596977,-118.6375392,254.589,0.0014142136,0.1,327.99762,1638995470999
Fix,GT,34.1596977,-118.6375392,254.589,0.0014142136,0.1,327.99725,1638995471999
Fix,GT,34.1596977,-118.6375392,254.589,0.0010001417,0.1,327.99652,1638995472999
Fix,GT,34.1596977,-118.6375392,254.589,0.0014142136,0.1,327.99625,1638995473999
Fix,GT,34.1596977,-118.6375392,254.589,0.001,0.1,327.9958,1638995474999
Fix,GT,34.1596977,-118.6375392,254.589,0.0009996485,0.1,327.99536,1638995475999
Fix,GT,34.1596977,-118.6375392,254.589,0.001000147,0.1,327.9949,1638995476999
Fix,GT,34.1596977,-118.6375392,254.589,3.579259e-07,0.1,327.9944,1638995477999
Fix,GT,34.1596977,-118.6375392,254.589,0.0009996389,0.1,327.99393,1638995478999
Fix,GT,34.1596977,-118.6375392,254.589,0.0,0.1,327.99344,1638995479999
Fix,GT,34.1596977,-118.6375392,254.589,3.6746266e-07,0.1,327.99307,1638995480999
Fix,GT,34.1596977,-118.6375392,254.589,0.0,0.1,327.99283,1638995481999
Fix,GT,34.1596977,-118.6375392,254.589,0.0,0.1,327.9923,1638995482999
Fix,GT,34.1596977,-118.6375392,254.589,0.0,0.1,327.99203,1638995483999
Fix,GT,34.1596977,-118.6375392,254.589,0.001,0.1,327.99158,1638995484999
Fix,GT,34.1596977,-118.6375392,254.589,0.0,0.1,327.99112,1638995485999
Fix,GT,34.1596977,-118.6375392,254.589,0.0009996135,0.1,327.99054,1638995486999
Fix,GT,34.1596977,-118.6375392,254.589,0.001,0.1,327.99023,1638995487999
Fix,GT,34.1596977,-118.6375392,254.589,0.001,0.1,327.99002,1638995488999
Fix,GT,34.1596977,-118.6375392,254.589,0.001,0.1,327.98944,1638995489999
Fix,GT,34.1596977,-118.6375392,254.589,0.0,0.1,327.98914,1638995490999
Fix,GT,34.1596977,-118.6375392,254.589,0.0010004025,0.1,327.98825,1638995491999
Fix,GT,34.1596977,-118.6375392,254.589,0.001,0.1,327.988,1638995492999
Fix,GT,34.1596977,-118.6375392,254.589,0.001,0.1,327.98727,1638995493999
Fix,GT,34.1596977,-118.6375392,254.589,0.000999588,0.1,327.98737,1638995494999
Fix,GT,34.1596977,-118.6375392,254.589,0.0014140416,0.1,327.98727,1638995495999
Fix,GT,34.1596977,-118.6375392,254.589,0.001,0.1,327.987,1638995496999
Fix,GT,34.1596977,-118.6375392,254.589,0.001,0.1,327.98672,1638995497999
Fix,GT,34.1596977,-118.6375392,254.589,0.0014140377,0.1,327.98663,1638995498999
Fix,GT,34.1596977,-118.6375392,254.589,0.001,0.1,327.9859,1638995499999
Fix,GT,34.1596977,-118.6375392,254.589,0.0014142136,0.1,327.98596,1638995500999
Fix,GT,34.1596977,-118.6375392,254.589,0.0014140337,0.1,327.98593,1638995501999
Fix,GT,34.1596977,-118.6375392,254.589,0.0014142136,0.1,327.98502,1638995502999
Fix,GT,34.1596977,-118.6375392,254.589,0.002236068,0.1,327.9847,1638995503999
Fix,GT,34.1596977,-118.6375392,254.589,0.002,0.1,327.98462,1638995504999
Fix,GT,34.1596977,-118.6375392,254.589,0.002,0.1,327.98422,1638995505999
Fix,GT,34.1596977,-118.6375392,254.589,0.0022359618,0.1,327.98395,1638995506999
Fix,GT,34.1596977,-118.6375392,254.589,0.002,0.1,327.98373,1638995507999
Fix,GT,34.1596977,-118.6375392,254.589,0.0014142136,0.1,327.98322,1638995508999
Fix,GT,34.1596977,-118.6375392,254.589,0.0010001905,0.1,327.98273,1638995509999
Fix,GT,34.1596977,-118.6375392,254.589,0.0014142136,0.1,327.98245,1638995510999
Fix,GT,34.1596976,-118.6375392,254.59099953383208,0.0028284271,0.1,327.9821,1638995511999
Fix,GT,34.1596976,-118.6375391,254.592,0.0031622776,0.1,327.98187,1638995512999
Fix,GT,34.1596976,-118.637539,254.594,0.003,0.1,327.98212,1638995513999
Fix,GT,34.1596976,-118.637539,254.596,0.0028284271,0.1,327.98196,1638995514999
Fix,GT,34.1596983,-118.6375394,254.5900004788637,0.41981632,0.1,328.00845,1638995515999
Fix,GT,34.159707,-118.6375455,254.5670014462471,1.8560258,0.1,328.17807,1638995516999
Fix,GT,34.1597259,-118.6375596,254.5210029118061,3.1408513,0.1,328.2187,1638995517999
Fix,GT,34.1597555,-118.6375813,254.4510039076805,4.570151,0.1,328.60135,1638995518999
Fix,GT,34.1597971,-118.6376112,254.2830108156204,6.1474624,0.1,329.15958,1638995519999
Fix,GT,34.1598454,-118.6376534,254.1150069268942,6.6850753,0.1,321.43518,1638995520999
Fix,GT,34.1598865,-118.6377153,253.93801244992017,7.3564568,0.1,304.61115,1638995521999
Fix,GT,34.159912,-118.6377944,253.64201603889464,7.9217415,0.1,286.31567,1638995522999
Fix,GT,34.1599159,-118.6378884,253.32602370280028,9.082082,0.1,267.1526,1638995523999
Fix,GT,34.1598953,-118.6379946,253.09801015067103,10.848861,0.1,252.4779,1638995524999
Fix,GT,34.1598553,-118.6381134,252.8780148100853,12.41461,0.1,245.9668,1638995525999
Fix,GT,34.1598023,-118.6382396,252.4640246677399,13.572205,0.1,240.3162,1638995526999
Fix,GT,34.1597285,-118.6383644,251.92603413057327,14.290383,0.1,229.81052,1638995527999
Fix,GT,34.1596341,-118.6384751,251.1300436992645,14.867929,0.1,220.96794,1638995528999
Fix,GT,34.1595268,-118.6385802,250.17505234479907,15.650094,0.1,218.5531,1638995529999
Fix,GT,34.1594158,-118.6386873,249.23604529333116,15.882013,0.1,219.40489,1638995530999
Fix,GT,34.1593108,-118.6388026,248.4800344386697,15.633003,0.1,224.60709,1638995531999
Fix,GT,34.1592216,-118.6389243,248.0400191895962,14.38503,0.1,231.63808,1638995532999
Fix,GT,34.1591536,-118.6390451,247.89,12.707975,0.1,238.22467,1638995533999
Fix,GT,34.1591031,-118.6391593,247.90200053942203,11.408036,0.1,243.95172,1638995534999
Fix,GT,34.1590651,-118.6392625,247.93799457359316,9.357547,0.1,246.62834,1638995535999
Fix,GT,34.1590363,-118.6393457,247.98199672555924,7.446066,0.1,247.52219,1638995536999
Fix,GT,34.1590133,-118.639414,247.987004940629,6.134997,0.1,247.49585,1638995537999
Fix,GT,34.158994,-118.6394693,248.005,4.8228498,0.1,247.00635,1638995538999
Fix,GT,34.1589775,-118.6395163,248.02099666798117,4.6295786,0.1,246.96744,1638995539999
Fix,GT,34.1589617,-118.6395614,248.0369994415045,4.331226,0.1,247.03452,1638995540999
Fix,GT,34.1589479,-118.6396016,248.065,3.3921802,0.1,247.20071,1638995541999
Fix,GT,34.1589392,-118.6396269,248.0779994351268,1.7293408,0.1,247.44402,1638995542999
Fix,GT,34.158935,-118.6396397,248.07699886381624,1.2383872,0.1,247.60297,1638995543999
Fix,GT,34.15893,-118.6396544,248.076,1.855159,0.1,247.67487,1638995544999
Fix,GT,34.15892,-118.6396826,248.08299770236016,3.9895084,0.1,246.65323,1638995545999
Fix,GT,34.1588996,-118.6397342,248.1289953789711,6.3858285,0.1,244.1897,1638995546999
Fix,GT,34.1588679,-118.639807,248.14499244976045,8.67274,0.1,241.5996,1638995547999
Fix,GT,34.1588242,-118.6398978,248.18099707996845,10.474112,0.1,239.29239,1638995548999
Fix,GT,34.158771,-118.6400035,248.26099706447124,12.39101,0.1,238.30864,1638995549999
Fix,GT,34.1587076,-118.6401275,248.3319982290268,14.457856,0.1,238.70679,1638995550999
Fix,GT,34.1586394,-118.6402735,248.40899287748337,16.477774,0.1,241.88666,1638995551999
Fix,GT,34.1585694,-118.640442,248.5159928395748,18.295694,0.1,243.83716,1638995552999
Fix,GT,34.1584947,-118.6406289,248.5859922018051,19.84274,0.1,244.34201,1638995553999
Fix,GT,34.1584154,-118.6408308,248.68399577885867,21.364807,0.1,244.63821,1638995554999
Fix,GT,34.1583309,-118.6410477,248.8229866627455,22.8144,0.1,244.85016,1638995555999
Fix,GT,34.1582419,-118.6412781,249.0479896392226,23.919563,0.1,244.9115,1638995556999
Fix,GT,34.1581501,-118.6415166,249.22798774766923,24.557257,0.1,245.00342,1638995557999
Fix,GT,34.1580543,-118.6417609,249.3909944574833,25.30761,0.1,244.27191,1638995558999
Fix,GT,34.1579523,-118.6420122,249.4649969047308,26.276192,0.1,243.43442,1638995559999
Fix,GT,34.157844,-118.6422717,249.55599315631392,27.26087,0.1,243.17288,1638995560999
Fix,GT,34.1577318,-118.6425394,249.71599124479292,28.015553,0.1,243.0189,1638995561999
Fix,GT,34.1576157,-118.6428137,249.7839943432212,28.747568,0.1,242.87259,1638995562999
Fix,GT,34.1574962,-118.6430941,249.8909943142533,29.344494,0.1,242.3525,1638995563999
Fix,GT,34.1573717,-118.6433782,249.96499238038064,29.890398,0.1,241.81947,1638995564999
Fix,GT,34.1572434,-118.6436661,250.02599489450452,30.323086,0.1,241.60538,1638995565999
Fix,GT,34.1571145,-118.6439581,250.13099166250228,30.59763,0.1,242.0849,1638995566999
Fix,GT,34.1569858,-118.6442525,250.3129845318794,30.813316,0.1,241.94788,1638995567999
Fix,GT,34.1568548,-118.6445493,250.53396826446055,31.229282,0.1,241.79349,1638995568999
Fix,GT,34.1567212,-118.6448506,250.86297591733933,31.685457,0.1,241.65329,1638995569999
Fix,GT,34.1565838,-118.6451525,251.18898037695885,31.763868,0.1,240.70059,1638995570999
Fix,GT,34.1564445,-118.6454539,251.52297831040624,31.841862,0.1,241.07466,1638995571999
Fix,GT,34.1563077,-118.6457585,251.8469775437117,32.028927,0.1,241.1812,1638995572999
Fix,GT,34.156168,-118.6460635,252.18398009264467,32.196926,0.1,240.854,1638995573999
Fix,GT,34.1560264,-118.6463698,252.53997999608515,32.43881,0.1,240.88618,1638995574999
Fix,GT,34.1558853,-118.6466793,252.8809778894782,32.687263,0.1,241.3345,1638995575999
Fix,GT,34.1557457,-118.6469926,253.20897980475425,32.87747,0.1,242.03181,1638995576999
Fix,GT,34.155608,-118.6473089,253.53997835731505,32.959724,0.1,242.35931,1638995577999
Fix,GT,34.155471,-118.6476251,253.98896602535248,32.722958,0.1,242.26454,1638995578999
Fix,GT,34.1553353,-118.6479372,254.6059535756111,32.210106,0.1,242.13391,1638995579999
Fix,GT,34.1552015,-118.6482444,255.38594306778907,31.854393,0.1,242.24866,1638995580999
Fix,GT,34.155068,-118.6485506,256.3189345308542,31.90359,0.1,242.09488,1638995581999
Fix,GT,34.1549345,-118.6488564,257.2849307751656,31.803772,0.1,242.18855,1638995582999
Fix,GT,34.1548015,-118.6491614,258.23993393063546,31.766657,0.1,242.09973,1638995583999
Fix,GT,34.1546682,-118.6494661,259.2179280415177,31.782156,0.1,242.02353,1638995584999
Fix,GT,34.1545345,-118.6497712,260.1689347339869,31.687475,0.1,242.16585,1638995585999
Fix,GT,34.1544033,-118.650073,261.12693585008384,31.121181,0.1,242.32677,1638995586999
Fix,GT,34.1542747,-118.6503697,262.04592847555875,30.672924,0.1,242.30135,1638995587999
Fix,GT,34.1541464,-118.6506641,262.9389388211966,30.647886,0.1,242.13426,1638995588999
Fix,GT,34.154018,-118.6509583,263.86992640233035,30.654623,0.1,242.24866,1638995589999
Fix,GT,34.1538897,-118.6512537,264.78893468934297,30.818758,0.1,242.003,1638995590999
Fix,GT,34.1537589,-118.6515498,265.75492647242544,31.017416,0.1,241.9368,1638995591999
Fix,GT,34.1536282,-118.6518478,266.7189333848953,31.091036,0.1,242.12524,1638995592999
Fix,GT,34.1534979,-118.6521472,267.6269389171601,31.244593,0.1,242.2964,1638995593999
Fix,GT,34.153368,-118.6524483,268.55193791639806,31.279482,0.1,242.87045,1638995594999
Fix,GT,34.153243,-118.6527511,269.48693030667306,31.112148,0.1,244.10233,1638995595999
Fix,GT,34.1531243,-118.6530566,270.4149307489396,31.143139,0.1,245.53967,1638995596999
Fix,GT,34.1530105,-118.6533668,271.3249200873375,31.48734,0.1,246.45238,1638995597999
Fix,GT,34.1529006,-118.6536835,272.32193535107376,31.90375,0.1,247.77412,1638995598999
Fix,GT,34.1527948,-118.6540065,273.30792835998534,32.031868,0.1,249.08768,1638995599999
Fix,GT,34.1526959,-118.6543317,274.30292580258845,31.976381,0.1,250.43622,1638995600999
Fix,GT,34.1526014,-118.6546602,275.29293000560995,32.16622,0.1,251.09164,1638995601999
Fix,GT,34.1525074,-118.6549922,276.27492592704294,32.453194,0.1,251.06323,1638995602999
Fix,GT,34.1524128,-118.6553253,277.2709278888106,32.444195,0.1,250.96826,1638995603999
Fix,GT,34.152318,-118.6556568,278.2489275943637,32.204147,0.1,250.80615,1638995604999
Fix,GT,34.152223,-118.6559866,279.21492728859187,32.217392,0.1,250.65985,1638995605999
Fix,GT,34.1521272,-118.6563173,280.20992007160186,32.40438,0.1,250.66864,1638995606999
Fix,GT,34.1520307,-118.6566518,281.19291974306105,32.880875,0.1,250.77084,1638995607999
Fix,GT,34.1519338,-118.656989,282.2019217391014,32.8538,0.1,250.80031,1638995608999
Fix,GT,34.1518376,-118.6573255,283.1829206359386,32.853447,0.1,250.93497,1638995609999
Fix,GT,34.1517414,-118.6576632,284.15592655801777,32.894894,0.1,251.02454,1638995610999
Fix,GT,34.1516466,-118.6579981,285.13792156028745,32.34079,0.1,250.98318,1638995611999
Fix,GT,34.1515516,-118.6583284,286.0889220260382,32.195732,0.1,250.62158,1638995612999
Fix,GT,34.1514557,-118.6586587,287.0149058977961,32.361385,0.1,250.6807,1638995613999
Fix,GT,34.1513592,-118.6589925,288.04892219448084,32.822105,0.1,250.72568,1638995614999
Fix,GT,34.1512616,-118.6593313,289.0509178994298,33.301544,0.1,250.7905,1638995615999
Fix,GT,34.1511633,-118.6596751,290.0619007613659,33.74532,0.1,250.85997,1638995616999
Fix,GT,34.1510643,-118.660021,291.0579156293273,33.52518,0.1,250.98361,1638995617999
Fix,GT,34.1509675,-118.6603619,292.0709290165901,32.927433,0.1,250.95395,1638995618999
Fix,GT,34.1508721,-118.6606967,293.0329206348658,32.43382,0.1,250.90973,1638995619999
Fix,GT,34.1507771,-118.661027,293.9959211325049,32.12778,0.1,250.61038,1638995620999
Fix,GT,34.1506817,-118.6613552,294.9579249126911,31.941704,0.1,250.6462,1638995621999
Fix,GT,34.1505876,-118.6616806,295.8669237971902,31.739353,0.1,250.66937,1638995622999
Fix,GT,34.1504931,-118.6620063,296.76192679357524,31.98035,0.1,250.5999,1638995623999
Fix,GT,34.1503974,-118.6623358,297.67891577827925,32.312508,0.1,250.8308,1638995624999
Fix,GT,34.1503031,-118.6626676,298.57792623126505,32.362522,0.1,251.08847,1638995625999
Fix,GT,34.1502117,-118.6629987,299.42892012023924,32.03222,0.1,252.14021,1638995626999
Fix,GT,34.1501271,-118.6633289,300.3309256689549,31.618374,0.1,253.63574,1638995627999
Fix,GT,34.1500517,-118.6636562,301.22192202889914,31.193071,0.1,255.5528,1638995628999
Fix,GT,34.1499875,-118.6639855,302.1229242544174,31.479122,0.1,257.87128,1638995629999
Fix,GT,34.1499302,-118.6643241,303.00093073320386,32.263638,0.1,258.78107,1638995630999
Fix,GT,34.149875,-118.6646717,303.952921141982,33.031094,0.1,259.32462,1638995631999
Fix,GT,34.1498213,-118.6650259,304.94291148614883,33.28748,0.1,259.89386,1638995632999
Fix,GT,34.1497716,-118.6653807,305.8709350767135,33.09329,0.1,260.7169,1638995633999
Fix,GT,34.1497262,-118.665734,306.5269468404054,32.895107,0.1,261.62552,1638995634999
Fix,GT,34.1496864,-118.6660853,306.9469647141099,32.572933,0.1,262.79007,1638995635999
Fix,GT,34.149653,-118.6664369,307.15498272538184,32.829277,0.1,264.04974,1638995636999
Fix,GT,34.1496261,-118.6667926,307.2270034677982,32.990158,0.1,265.28268,1638995637999
Fix,GT,34.1496051,-118.6671478,307.1620113114118,32.691692,0.1,266.31088,1638995638999
Fix,GT,34.1495881,-118.6675003,306.7950427901149,32.449368,0.1,266.64987,1638995639999
Fix,GT,34.1495702,-118.6678513,306.23006047755484,32.363472,0.1,266.1577,1638995640999
Fix,GT,34.1495511,-118.6682006,305.4360721260309,32.23129,0.1,266.11786,1638995641999
Fix,GT,34.1495322,-118.6685488,304.4170891632437,32.13877,0.1,266.13583,1638995642999
Fix,GT,34.1495134,-118.6688948,303.18012225472927,31.855156,0.1,266.1231,1638995643999
Fix,GT,34.1494949,-118.6692395,301.75214048135285,31.887579,0.1,266.2797,1638995644999
Fix,GT,34.1494767,-118.6695853,300.10515080565216,32.02434,0.1,266.2149,1638995645999
Fix,GT,34.1494583,-118.669933,298.2271710405349,32.324944,0.1,266.26724,1638995646999
Fix,GT,34.1494396,-118.6702854,296.3301770358682,32.706577,0.1,266.1999,1638995647999
Fix,GT,34.1494199,-118.6706398,294.4411848727464,32.74579,0.1,265.94144,1638995648999
Fix,GT,34.1493994,-118.6709938,292.54216833686826,32.693207,0.1,265.94586,1638995649999
Fix,GT,34.1493792,-118.6713479,290.5341807191372,32.821674,0.1,266.13327,1638995650999
Fix,GT,34.1493611,-118.6717017,288.38219594132903,32.523746,0.1,266.73022,1638995651999
Fix,GT,34.149349,-118.67205,286.23419206047055,31.82015,0.1,268.54553,1638995652999
Fix,GT,34.1493489,-118.6723917,284.13213948631284,31.426407,0.1,271.42654,1638995653999
Fix,GT,34.149364,-118.6727304,282.4281519471407,31.219948,0.1,274.65704,1638995654999
Fix,GT,34.1493938,-118.6730653,280.46117555832865,30.998333,0.1,277.4956,1638995655999
Fix,GT,34.1494382,-118.6733958,278.56818080592154,30.861437,0.1,280.25015,1638995656999
Fix,GT,34.1494946,-118.673721,276.66718422484394,30.500132,0.1,283.4016,1638995657999
Fix,GT,34.1495656,-118.674038,274.8371615003348,30.153961,0.1,286.533,1638995658999
Fix,GT,34.1496495,-118.6743476,273.06515456318857,30.009615,0.1,289.4429,1638995659999
Fix,GT,34.1497446,-118.6746497,271.4831278271675,29.538153,0.1,291.8118,1638995660999
Fix,GT,34.1498453,-118.6749421,270.12112354147433,28.850967,0.1,292.75558,1638995661999
Fix,GT,34.149945,-118.675228,268.60415801936387,28.499386,0.1,292.68826,1638995662999
Fix,GT,34.150045,-118.6755142,266.94416615241767,28.764465,0.1,292.74478,1638995663999
Fix,GT,34.1501461,-118.6758032,265.2431609795689,29.054155,0.1,292.7364,1638995664999
Fix,GT,34.1502488,-118.6760944,263.4591663023233,29.331188,0.1,293.09402,1638995665999
Fix,GT,34.1503537,-118.6763877,261.6811591707468,29.504168,0.1,293.09,1638995666999
Fix,GT,34.150457,-118.6766811,260.00717894661426,29.268103,0.1,292.88934,1638995667999
Fix,GT,34.1505598,-118.6769725,258.3141573434473,29.133226,0.1,292.81726,1638995668999
Fix,GT,34.1506609,-118.6772615,256.8271384807229,28.756548,0.1,292.7635,1638995669999
Fix,GT,34.1507611,-118.6775495,255.4551399126053,28.825386,0.1,292.67703,1638995670999
Fix,GT,34.1508605,-118.6778389,254.1531374347806,28.897993,0.1,291.87662,1638995671999
Fix,GT,34.1509535,-118.6781341,252.93512224167583,29.353374,0.1,289.56506,1638995672999
Fix,GT,34.1510368,-118.6784386,251.64211870497465,29.723568,0.1,286.83414,1638995673999
Fix,GT,34.1511093,-118.6787504,250.3101328739524,29.900875,0.1,284.31702,1638995674999
Fix,GT,34.151171,-118.6790685,248.90612736827137,30.256813,0.1,281.77258,1638995675999
Fix,GT,34.1512201,-118.6793918,247.5281426420212,30.273941,0.1,278.87286,1638995676999
Fix,GT,34.1512559,-118.6797176,246.152131180048,30.252745,0.1,276.07614,1638995677999
Fix,GT,34.1512785,-118.6800428,244.85811664283275,29.851019,0.1,273.45996,1638995678999
Fix,GT,34.1512895,-118.6803649,243.63910601127148,29.699968,0.1,271.36548,1638995679999
Fix,GT,34.1512937,-118.6806869,242.40711838531496,29.692297,0.1,270.5699,1638995680999
Fix,GT,34.151296,-118.6810088,241.1911036678553,29.69872,0.1,270.4208,1638995681999
Fix,GT,34.1512976,-118.6813307,239.99711307334903,29.69223,0.1,270.1339,1638995682999
Fix,GT,34.1512985,-118.6816519,238.96609925460817,29.436337,0.1,270.16467,1638995683999
Fix,GT,34.1513003,-118.6819684,237.97509549474717,29.08716,0.1,270.4635,1638995684999
Fix,GT,34.1513028,-118.6822832,237.1800794913769,28.985765,0.1,270.48517,1638995685999
Fix,GT,34.1513053,-118.6825973,236.490077688694,28.960281,0.1,270.53928,1638995686999
Fix,GT,34.1513081,-118.6829112,235.887056399107,28.90045,0.1,270.55505,1638995687999
Fix,GT,34.1513097,-118.6832237,235.42004628956315,28.73502,0.1,269.8125,1638995688999
Fix,GT,34.1513045,-118.6835346,234.96005365133288,28.575657,0.1,267.6856,1638995689999
Fix,GT,34.1512874,-118.6838433,234.42806934332847,28.443941,0.1,264.6864,1638995690999
Fix,GT,34.1512585,-118.6841505,233.675079931736,28.493294,0.1,262.52725,1638995691999
Fix,GT,34.1512194,-118.6844559,232.9860635188818,28.417984,0.1,259.93665,1638995692999
Fix,GT,34.1511699,-118.6847581,232.24805953377484,28.435915,0.1,257.82812,1638995693999
Fix,GT,34.1511138,-118.6850599,231.49807438039775,28.512173,0.1,257.03635,1638995694999
Fix,GT,34.1510564,-118.6853607,230.81708301085237,28.395924,0.1,257.02512,1638995695999
Fix,GT,34.150999,-118.6856601,230.2810389953852,28.228834,0.1,256.7252,1638995696999
Fix,GT,34.1509408,-118.6859566,229.80604968595503,27.935047,0.1,256.4591,1638995697999
Fix,GT,34.1508836,-118.6862492,229.2690572533608,27.522026,0.1,256.9393,1638995698999
Fix,GT,34.150831,-118.6865398,228.77404785597324,27.368233,0.1,258.2248,1638995699999
Fix,GT,34.1507861,-118.68683,228.491026665628,27.146477,0.1,260.5056,1638995700999
Fix,GT,34.1507533,-118.68712,228.21203851222992,26.912613,0.1,263.615,1638995701999
Fix,GT,34.1507326,-118.6874092,227.9360246776939,26.70016,0.1,266.27283,1638995702999
Fix,GT,34.1507233,-118.6876969,227.65402797865863,26.486412,0.1,268.92267,1638995703999
Fix,GT,34.1507244,-118.6879827,227.3310410119295,26.290968,0.1,271.29065,1638995704999
Fix,GT,34.1507358,-118.6882661,226.95005628585812,26.119177,0.1,273.98938,1638995705999
Fix,GT,34.1507581,-118.688547,226.52005970686676,26.014277,0.1,276.6485,1638995706999
Fix,GT,34.1507916,-118.6888274,226.0320631468296,26.424107,0.1,279.29376,1638995707999
Fix,GT,34.150835,-118.6891099,225.48007315713167,26.533762,0.1,281.46332,1638995708999
Fix,GT,34.1508872,-118.6893899,224.9910481824875,26.421669,0.1,283.3491,1638995709999
Fix,GT,34.1509458,-118.6896666,224.64904832148557,26.26631,0.1,284.89496,1638995710999
Fix,GT,34.1510081,-118.6899405,224.24804846048357,26.123623,0.1,285.4496,1638995711999
Fix,GT,34.1510707,-118.6902138,223.76504197227956,26.195108,0.1,285.13516,1638995712999
Fix,GT,34.1511322,-118.6904883,223.3020542769432,26.26141,0.1,285.10965,1638995713999
Fix,GT,34.1511936,-118.6907636,222.68607664877177,26.32219,0.1,284.65182,1638995714999
Fix,GT,34.1512503,-118.6910434,222.00107575678825,26.801044,0.1,282.69513,1638995715999
Fix,GT,34.1512982,-118.6913294,221.0911262469292,26.917595,0.1,280.07385,1638995716999
Fix,GT,34.1513348,-118.6916186,219.9991030757427,26.96007,0.1,277.37442,1638995717999
Fix,GT,34.15136,-118.6919096,218.95911347830292,26.956947,0.1,274.5976,1638995718999
Fix,GT,34.1513744,-118.6922018,217.92310703712704,26.969397,0.1,272.13263,1638995719999
Fix,GT,34.1513774,-118.6924946,216.8961152523756,26.972967,0.1,269.18903,1638995720999
Fix,GT,34.1513677,-118.6927873,215.96508837592603,27.05627,0.1,266.29614,1638995721999
Fix,GT,34.1513461,-118.6930818,215.1150863544941,27.441431,0.1,263.58484,1638995722999
Fix,GT,34.1513122,-118.6933784,214.3930455737114,27.662613,0.1,260.65607,1638995723999
Fix,GT,34.1512659,-118.6936736,213.9410571280718,27.729662,0.1,257.9604,1638995724999
Fix,GT,34.1512076,-118.6939678,213.39107446795705,28.005842,0.1,255.01712,1638995725999
Fix,GT,34.151136,-118.6942605,212.82206663155557,28.181696,0.1,252.36987,1638995726999
Fix,GT,34.1510537,-118.6945495,212.37104492717984,28.071491,0.1,249.73032,1638995727999
Fix,GT,34.1509602,-118.6948317,211.94203581112623,27.887661,0.1,246.71715,1638995728999
Fix,GT,34.1508551,-118.6951055,211.50505328166489,27.682554,0.1,243.57913,1638995729999
Fix,GT,34.150739,-118.6953706,211.1090383300185,27.523582,0.1,240.91748,1638995730999
Fix,GT,34.1506133,-118.6956271,210.6840477492213,27.3466,0.1,237.91962,1638995731999
Fix,GT,34.1504778,-118.6958743,210.24405255252125,27.260336,0.1,235.42804,1638995732999
Fix,GT,34.1503335,-118.6961155,209.7960608947277,27.53397,0.1,233.04846,1638995733999
Fix,GT,34.1501785,-118.6963515,209.3800410953164,27.85768,0.1,230.09918,1638995734999
Fix,GT,34.150012,-118.6965774,208.9700612232685,27.75871,0.1,226.65654,1638995735999
Fix,GT,34.1498351,-118.6967922,208.51506256490944,27.859667,0.1,223.87976,1638995736999
Fix,GT,34.1496502,-118.6969964,207.9610698376298,27.84539,0.1,221.2271,1638995737999
Fix,GT,34.149457,-118.6971937,207.0051400409937,28.41349,0.1,219.32076,1638995738999
Fix,GT,34.1492545,-118.6973908,205.77115708088877,29.289555,0.1,218.33792,1638995739999
Fix,GT,34.1490459,-118.6975893,204.5141539106965,29.646996,0.1,217.98567,1638995740999
Fix,GT,34.1488362,-118.6977887,203.55007776111364,29.62153,0.1,218.24365,1638995741999
Fix,GT,34.1486273,-118.6979877,203.02504797697068,29.584038,0.1,218.192,1638995742999
Fix,GT,34.1484187,-118.698187,202.63802285021544,29.564844,0.1,218.25706,1638995743999
Fix,GT,34.1482085,-118.6983866,202.42200241172316,29.790218,0.1,218.06558,1638995744999
Fix,GT,34.147997,-118.6985888,202.1080386867523,30.248617,0.1,218.43999,1638995745999
Fix,GT,34.1477821,-118.6987961,201.75904363846777,30.865427,0.1,218.6014,1638995746999
Fix,GT,34.1475639,-118.6990075,201.40304982888696,31.18135,0.1,218.5702,1638995747999
Fix,GT,34.1473442,-118.6992176,201.04404021042583,31.035238,0.1,218.21806,1638995748999
Fix,GT,34.1471258,-118.6994257,200.71503664791584,30.77256,0.1,217.98761,1638995749999
Fix,GT,34.1469084,-118.6996306,200.35005266708131,30.542667,0.1,217.95143,1638995750999
Fix,GT,34.1466937,-118.6998364,199.77508227431773,30.42312,0.1,219.14973,1638995751999
Fix,GT,34.1464856,-118.7000528,199.1750566321612,30.782713,0.1,222.15211,1638995752999
Fix,GT,34.1462809,-118.7002846,198.74305184030533,31.642595,0.1,223.93396,1638995753999
Fix,GT,34.1460756,-118.7005287,198.364040835917,32.348675,0.1,224.81488,1638995754999
Fix,GT,34.1458704,-118.7007804,198.10802853405477,32.645935,0.1,226.04321,1638995755999
Fix,GT,34.1456723,-118.7010409,197.9550136814713,32.442036,0.1,228.91779,1638995756999
Fix,GT,34.1454854,-118.7013084,197.8760099759102,32.10432,0.1,230.6757,1638995757999
Fix,GT,34.1453056,-118.7015816,198.02596749770643,32.278164,0.1,232.26962,1638995758999
Fix,GT,34.1451309,-118.7018635,198.23993232142925,32.675076,0.1,234.11658,1638995759999
Fix,GT,34.1449599,-118.7021549,198.7349296412468,33.09029,0.1,234.86588,1638995760999
Fix,GT,34.14479,-118.7024509,199.27093449950212,33.228622,0.1,235.3519,1638995761999
Fix,GT,34.1446206,-118.7027476,199.8429229738116,33.15609,0.1,235.13916,1638995762999
Fix,GT,34.1444506,-118.7030436,200.51091138398647,33.08642,0.1,235.21933,1638995763999
Fix,GT,34.1442834,-118.7033369,201.23390101003648,32.487564,0.1,235.54979,1638995764999
Fix,GT,34.1441201,-118.7036251,201.92491475850343,31.825996,0.1,235.42398,1638995765999
Fix,GT,34.1439611,-118.7039052,202.83588776302335,30.748526,0.1,235.48767,1638995766999
Fix,GT,34.1438081,-118.704176,203.6778900421858,29.645376,0.1,235.80145,1638995767999
Fix,GT,34.1436626,-118.7044383,204.4479205322266,28.591263,0.1,236.34637,1638995768999
Fix,GT,34.1435215,-118.7046943,205.16690491759775,28.163223,0.1,236.49933,1638995769999
Fix,GT,34.1433874,-118.7049501,205.88488923227783,27.638968,0.1,238.7065,1638995770999
Fix,GT,34.1432635,-118.7052062,206.60789153790475,27.029247,0.1,240.22824,1638995771999
Fix,GT,34.143145,-118.7054581,207.50186409068107,26.34064,0.1,240.21198,1638995772999
Fix,GT,34.1430289,-118.7057028,208.56185597378013,25.575537,0.1,239.99365,1638995773999
Fix,GT,34.1429174,-118.7059398,209.8638387141228,24.667347,0.1,240.51184,1638995774999
Fix,GT,34.1428121,-118.706167,211.23781354922056,23.021059,0.1,240.719,1638995775999
Fix,GT,34.1427173,-118.706374,212.66380525541305,20.641735,0.1,241.07626,1638995776999
Fix,GT,34.1426344,-118.7065648,214.05481919658183,19.322983,0.1,243.61354,1638995777999
Fix,GT,34.1425658,-118.7067509,215.41884370678665,18.33455,0.1,247.45528,1638995778999
Fix,GT,34.142513,-118.7069327,216.7678183246851,17.416512,0.1,253.43573,1638995779999
Fix,GT,34.1424817,-118.7071135,218.1208271184564,16.890198,0.1,261.4614,1638995780999
Fix,GT,34.1424721,-118.7072908,219.34284787732363,16.101063,0.1,269.42444,1638995781999
Fix,GT,34.1424827,-118.7074616,220.3748687235713,15.851813,0.1,277.45383,1638995782999
Fix,GT,34.1425139,-118.7076306,221.0819175943136,16.426416,0.1,285.16492,1638995783999
Fix,GT,34.1425619,-118.707802,221.6979200665951,16.955149,0.1,290.32825,1638995784999
Fix,GT,34.1426222,-118.7079718,222.14595058864356,17.196806,0.1,294.64764,1638995785999
Fix,GT,34.1426948,-118.7081366,222.5729491354227,17.26456,0.1,300.12018,1638995786999
Fix,GT,34.1427794,-118.7082905,222.86497182303668,16.930222,0.1,305.38916,1638995787999
Fix,GT,34.1428703,-118.7084344,222.8980094140172,16.348036,0.1,307.6187,1638995788999
Fix,GT,34.1429593,-118.7085707,222.75403774619105,15.550527,0.1,307.9302,1638995789999
Fix,GT,34.1430427,-118.7086989,222.54701486295463,14.621949,0.1,307.9149,1638995790999
Fix,GT,34.143122,-118.7088195,222.246039277494,13.607944,0.1,308.45166,1638995791999
Fix,GT,34.1431948,-118.7089294,222.12199728500843,12.379801,0.1,308.46945,1638995792999
Fix,GT,34.1432594,-118.7090286,222.10999047499897,10.6591015,0.1,307.9965,1638995793999
Fix,GT,34.1433158,-118.7091138,222.21997817897795,9.573507,0.1,309.07492,1638995794999
Fix,GT,34.1433644,-118.7091907,222.4089808615446,8.116505,0.1,305.61563,1638995795999
Fix,GT,34.1433961,-118.7092694,222.5949876677394,7.762518,0.1,291.1054,1638995796999
Fix,GT,34.1434025,-118.7093577,222.63901785355807,8.097398,0.1,268.46393,1638995797999
Fix,GT,34.1433789,-118.7094487,222.59101376509668,9.218965,0.1,246.7341,1638995798999
Fix,GT,34.143325,-118.7095386,222.38002759337425,10.818815,0.1,228.36168,1638995799999
Fix,GT,34.1432431,-118.7096197,221.99206637859345,12.518537,0.1,214.74681,1638995800999
Fix,GT,34.1431373,-118.7096928,221.40509147512915,14.356782,0.1,206.62141,1638995801999
Fix,GT,34.1430127,-118.70976,220.65112085568907,15.831718,0.1,202.63942,1638995802999
Fix,GT,34.1428749,-118.709824,219.73114201509952,16.82059,0.1,199.78381,1638995803999
Fix,GT,34.1427274,-118.7098815,218.7371283881664,17.473927,0.1,196.33931,1638995804999
Fix,GT,34.1425732,-118.7099328,217.6861524499059,17.93903,0.1,194.425,1638995805999
Fix,GT,34.1424136,-118.7099756,216.7611219550371,18.2512,0.1,190.60085,1638995806999
Fix,GT,34.1422486,-118.7100034,215.97309975081683,18.511978,0.1,185.69643,1638995807999
Fix,GT,34.1420815,-118.7100168,215.35907040798665,18.64132,0.1,182.65291,1638995808999
Fix,GT,34.1419131,-118.7100229,215.00502540266515,18.619616,0.1,180.35274,1638995809999
Fix,GT,34.1417461,-118.710019,214.9290099013448,18.349068,0.1,177.46918,1638995810999
Fix,GT,34.1415826,-118.7100045,215.08096456056836,17.845541,0.1,173.66724,1638995811999
Fix,GT,34.1414287,-118.7099769,215.41994600975517,16.531414,0.1,169.75366,1638995812999
Fix,GT,34.1412896,-118.7099419,215.83393450081348,14.996513,0.1,166.49335,1638995813999
Fix,GT,34.1411619,-118.7098986,216.1969700306058,14.56112,0.1,162.46631,1638995814999
Fix,GT,34.1410355,-118.7098464,216.40997425615788,15.0696335,0.1,160.32263,1638995815999
Fix,GT,34.1409083,-118.7097896,216.51498996597527,14.94302,0.1,159.00842,1638995816999
Fix,GT,34.1407873,-118.7097316,216.52600430959464,13.706177,0.1,157.8429,1638995817999
Fix,GT,34.1406809,-118.7096777,216.44501583659647,11.661058,0.1,156.64062,1638995818999
Fix,GT,34.1405958,-118.7096223,216.30601587200167,9.727623,0.1,146.64374,1638995819999
Fix,GT,34.1405382,-118.7095454,216.07204627227784,9.1704235,0.1,124.400024,1638995820999
Fix,GT,34.1405127,-118.7094456,215.67906521523,9.718999,0.1,98.30817,1638995821999
Fix,GT,34.1405246,-118.7093299,215.1710624526143,11.47818,0.1,76.01041,1638995822999
Fix,GT,34.1405662,-118.7092013,214.67603929972648,13.717825,0.1,65.04654,1638995823999
Fix,GT,34.1406307,-118.7090597,214.09908314615487,15.917991,0.1,58.348145,1638995824999
Fix,GT,34.1407129,-118.7089048,213.5100701694488,17.759089,0.1,56.912292,1638995825999
Fix,GT,34.1408029,-118.7087359,213.12803955399988,19.223862,0.1,56.97638,1638995826999
Fix,GT,34.1409002,-118.7085543,212.97401174545288,20.69858,0.1,56.784668,1638995827999
Fix,GT,34.1410058,-118.7083591,213.1229646892548,22.250786,0.1,56.4765,1638995828999
Fix,GT,34.1411198,-118.7081533,213.42296166300773,23.226297,0.1,55.770477,1638995829999
Fix,GT,34.1412393,-118.7079422,213.6669630600214,23.826544,0.1,55.3696,1638995830999
Fix,GT,34.141362,-118.7077266,213.79597926855087,24.369337,0.1,55.745605,1638995831999
Fix,GT,34.1414849,-118.7075036,213.80899703216556,25.051123,0.1,56.483887,1638995832999
Fix,GT,34.1416095,-118.7072727,213.7120223070383,25.736565,0.1,56.99582,1638995833999
Fix,GT,34.1417351,-118.7070354,213.50306408011912,26.03902,0.1,57.507904,1638995834999
Fix,GT,34.1418611,-118.7067976,213.1290642185211,25.988173,0.1,56.718964,1638995835999
Fix,GT,34.141992,-118.7065607,212.56409877252577,26.541328,0.1,55.52292,1638995836999
Fix,GT,34.1421336,-118.7063186,211.7871424783468,28.071827,0.1,53.681335,1638995837999
Fix,GT,34.1422877,-118.7060685,210.7811593043804,29.215754,0.1,52.972473,1638995838999
Fix,GT,34.1424446,-118.7058122,209.7931400663853,29.427095,0.1,53.812164,1638995839999
Fix,GT,34.1425996,-118.7055519,208.83112678194047,29.711435,0.1,54.453064,1638995840999
Fix,GT,34.1427565,-118.7052865,207.91413006711005,30.432514,0.1,53.58896,1638995841999
Fix,GT,34.1429204,-118.7050204,207.1121121475697,30.569635,0.1,53.148804,1638995842999
Fix,GT,34.1430825,-118.7047547,206.29911238574985,30.091127,0.1,53.762054,1638995843999
Fix,GT,34.1432382,-118.704494,205.55511718976496,29.081083,0.1,54.42572,1638995844999
Fix,GT,34.1433864,-118.7042385,204.8051143783331,28.406267,0.1,55.18573,1638995845999
Fix,GT,34.1435299,-118.7039856,204.04011614799495,28.178692,0.1,55.541992,1638995846999
Fix,GT,34.1436724,-118.7037321,203.25012097764017,28.32145,0.1,55.726715,1638995847999
Fix,GT,34.1438152,-118.7034763,202.2611473197937,28.552088,0.1,55.885956,1638995848999
Fix,GT,34.143961,-118.7032182,201.5680768840313,29.013506,0.1,55.106873,1638995849999
Fix,GT,34.1441116,-118.7029566,201.114072422266,29.665104,0.1,55.183167,1638995850999
Fix,GT,34.1442634,-118.7026912,200.6040833759308,29.665134,0.1,55.324646,1638995851999
Fix,GT,34.1444145,-118.702428,200.17705724704263,29.324821,0.1,54.95233,1638995852999
Fix,GT,34.1445653,-118.7021693,199.85703410696985,29.008535,0.1,54.968323,1638995853999
Fix,GT,34.1447132,-118.7019103,199.64003262424467,28.97293,0.1,55.41809,1638995854999
Fix,GT,34.1448623,-118.7016533,199.4090451424122,28.828962,0.1,54.384064,1638995855999
Fix,GT,34.1450174,-118.7013993,199.25301403868195,29.357685,0.1,52.500763,1638995856999
Fix,GT,34.1451826,-118.7011489,199.20800781476493,29.408743,0.1,50.277527,1638995857999
Fix,GT,34.1453547,-118.7009079,199.17100626468655,29.161533,0.1,48.53412,1638995858999
Fix,GT,34.1455305,-118.7006713,199.2339764609337,29.302826,0.1,47.319214,1638995859999
Fix,GT,34.1457111,-118.7004413,199.43696540522575,28.91844,0.1,45.65335,1638995860999
Fix,GT,34.1458945,-118.7002212,199.66596848583225,28.546406,0.1,43.784546,1638995861999
Fix,GT,34.1460816,-118.7000111,199.9289605298042,28.192453,0.1,41.89859,1638995862999
Fix,GT,34.146272,-118.699811,200.21895886731147,27.873142,0.1,40.09961,1638995863999
Fix,GT,34.1464646,-118.6996192,200.4089730528593,27.553915,0.1,38.83664,1638995864999
Fix,GT,34.1466574,-118.6994328,200.56097140979767,27.388184,0.1,38.339935,1638995865999
Fix,GT,34.1468504,-118.6992484,200.69697771978375,27.227516,0.1,38.241394,1638995866999
Fix,GT,34.1470412,-118.6990653,200.903966512084,26.937677,0.1,38.44388,1638995867999
Fix,GT,34.1472297,-118.6988839,201.16395686042307,26.620342,0.1,38.24539,1638995868999
Fix,GT,34.1474179,-118.6987053,201.4469695813656,26.515657,0.1,37.849518,1638995869999
Fix,GT,34.1476055,-118.6985286,201.77495027351375,26.379326,0.1,37.769104,1638995870999
Fix,GT,34.1477926,-118.6983521,202.0989501774311,26.304474,0.1,37.97696,1638995871999
Fix,GT,34.1479776,-118.6981763,202.31498872721195,26.004723,0.1,38.170258,1638995872999
Fix,GT,34.1481599,-118.6980018,202.5219532085657,25.748226,0.1,38.342804,1638995873999
Fix,GT,34.1483419,-118.6978274,202.8029563486576,25.94096,0.1,38.277313,1638995874999
Fix,GT,34.1485258,-118.6976521,203.14594492626188,26.031963,0.1,38.0943,1638995875999
Fix,GT,34.1487095,-118.6974776,203.67391073310372,25.845514,0.1,37.94214,1638995876999
Fix,GT,34.1488924,-118.6973049,204.32188129222396,25.795017,0.1,37.850586,1638995877999
Fix,GT,34.1490759,-118.6971318,205.010907130301,25.944477,0.1,38.052002,1638995878999
Fix,GT,34.1492589,-118.6969554,205.48593470191955,26.051765,0.1,38.912262,1638995879999
Fix,GT,34.1494384,-118.6967738,205.88792639482023,26.059505,0.1,40.73358,1638995880999
Fix,GT,34.1496117,-118.6965827,206.3499147808552,26.221497,0.1,43.768463,1638995881999
Fix,GT,34.1497776,-118.6963795,206.85191954547167,26.390316,0.1,46.675934,1638995882999
Fix,GT,34.1499357,-118.6961665,207.260942419827,26.29098,0.1,49.12439,1638995883999
Fix,GT,34.1500848,-118.6959468,207.60893242186307,26.040634,0.1,51.840454,1638995884999
Fix,GT,34.1502232,-118.6957219,208.04992238110304,25.62284,0.1,54.697357,1638995885999
Fix,GT,34.1503489,-118.6954932,208.47492554455997,24.976921,0.1,57.616486,1638995886999
Fix,GT,34.1504636,-118.6952636,208.9089303730726,24.517826,0.1,59.82025,1638995887999
Fix,GT,34.1505678,-118.6950322,209.33193190377952,24.097452,0.1,62.75345,1638995888999
Fix,GT,34.1506607,-118.6947989,209.70293510466811,23.75046,0.1,65.34479,1638995889999
Fix,GT,34.1507443,-118.6945625,210.0769266431332,23.736546,0.1,68.02292,1638995890999
Fix,GT,34.1508194,-118.6943203,210.4899298423529,24.071142,0.1,70.43637,1638995891999
Fix,GT,34.1508872,-118.6940702,210.9969246916175,24.456528,0.1,72.99686,1638995892999
Fix,GT,34.1509454,-118.6938137,211.418929576993,24.604803,0.1,75.825745,1638995893999
Fix,GT,34.1509945,-118.6935538,211.8389210476279,24.559828,0.1,78.14661,1638995894999
Fix,GT,34.1510332,-118.6932932,212.34790911495688,24.304232,0.1,81.02655,1638995895999
Fix,GT,34.1510616,-118.6930331,213.0218212674856,24.189087,0.1,83.434204,1638995896999
Fix,GT,34.1510821,-118.692773,213.77685810256008,24.010378,0.1,85.63818,1638995897999
Fix,GT,34.1510912,-118.6925159,214.65484598487615,23.518003,0.1,88.756195,1638995898999
Fix,GT,34.151091,-118.6922627,215.57984739840032,23.310461,0.1,90.83911,1638995899999
Fix,GT,34.1510825,-118.6920114,216.50682162684203,23.127953,0.1,93.47183,1638995900999
Fix,GT,34.1510642,-118.6917627,217.47383661842343,23.053005,0.1,96.09845,1638995901999
Fix,GT,34.1510357,-118.6915149,218.36584654009343,23.175955,0.1,98.98639,1638995902999
Fix,GT,34.1509976,-118.6912664,219.29983941709995,23.49835,0.1,101.27417,1638995903999
Fix,GT,34.1509507,-118.6910144,220.32481345433,24.205273,0.1,103.552765,1638995904999
Fix,GT,34.1508957,-118.6907566,221.48180625164508,24.931786,0.1,104.83899,1638995905999
Fix,GT,34.1508355,-118.6904921,222.5688196366429,25.668665,0.1,105.21808,1638995906999
Fix,GT,34.1507739,-118.6902192,223.58581242132183,26.470144,0.1,104.87866,1638995907999
Fix,GT,34.1507121,-118.6899384,224.7158103529215,27.025139,0.1,104.80011,1638995908999
Fix,GT,34.1506497,-118.6896535,225.7098238232136,27.38745,0.1,104.334045,1638995909999
Fix,GT,34.1505904,-118.6893623,226.6118581086397,28.006218,0.1,102.79355,1638995910999
Fix,GT,34.1505387,-118.6890602,227.34489772105215,28.778765,0.1,100.361115,1638995911999
Fix,GT,34.1504969,-118.688749,227.90291143131256,29.28633,0.1,97.99686,1638995912999
Fix,GT,34.1504663,-118.6884325,228.42691822659967,29.287848,0.1,95.04999,1638995913999
Fix,GT,34.1504487,-118.6881172,228.86592505019905,29.01975,0.1,92.55792,1638995914999
Fix,GT,34.150442,-118.6878022,229.23293713760376,29.066015,0.1,90.15393,1638995915999
Fix,GT,34.1504471,-118.6874868,229.54394577240947,28.965763,0.1,87.44119,1638995916999
Fix,GT,34.1504653,-118.6871751,229.8219544351101,28.660612,0.1,84.34238,1638995917999
Fix,GT,34.1504966,-118.6868652,230.0339754216671,28.986366,0.1,81.68738,1638995918999
Fix,GT,34.1505402,-118.6865536,230.26295954728127,29.10919,0.1,79.02811,1638995919999
Fix,GT,34.1505945,-118.6862445,230.3189859046936,29.164217,0.1,77.11212,1638995920999
Fix,GT,34.1506546,-118.6859371,230.33600706052783,29.002993,0.1,76.35318,1638995921999
Fix,GT,34.1507154,-118.6856326,230.3599787812233,28.770338,0.1,76.41934,1638995922999
Fix,GT,34.1507745,-118.6853303,230.49496457099917,28.508371,0.1,76.76544,1638995923999
Fix,GT,34.1508315,-118.6850305,230.6489698326588,28.22257,0.1,77.00238,1638995924999
Fix,GT,34.1508872,-118.6847328,230.92693777811525,28.069553,0.1,77.34656,1638995925999
Fix,GT,34.1509377,-118.6844363,231.3649038331509,27.864616,0.1,79.37332,1638995926999
Fix,GT,34.1509769,-118.6841397,232.03988046622277,27.543728,0.1,82.27219,1638995927999
Fix,GT,34.1510032,-118.683845,232.75886774826049,27.28044,0.1,84.823,1638995928999
Fix,GT,34.1510185,-118.6835501,233.5848442400098,27.318016,0.1,87.605774,1638995929999
Fix,GT,34.1510232,-118.6832545,234.4408439651728,27.263481,0.1,89.58835,1638995930999
Fix,GT,34.1510235,-118.6829585,235.2958562669754,27.400951,0.1,89.8508,1638995931999
Fix,GT,34.1510237,-118.6826599,236.0938686130047,27.703005,0.1,89.75412,1638995932999
Fix,GT,34.1510235,-118.682358,236.8188683823943,27.9492,0.1,90.12549,1638995933999
Fix,GT,34.1510221,-118.6820539,237.54786273336413,28.132565,0.1,90.20886,1638995934999
Fix,GT,34.1510204,-118.6817491,238.3078769676685,28.084726,0.1,90.27008,1638995935999
Fix,GT,34.1510184,-118.6814448,239.0858459410668,27.998102,0.1,90.3107,1638995936999
Fix,GT,34.151016,-118.6811429,239.91884385693075,27.62443,0.1,90.452515,1638995937999
Fix,GT,34.151014,-118.6808446,240.77484177166224,27.482765,0.1,90.21039,1638995938999
Fix,GT,34.1510122,-118.680546,241.6408433135748,27.565073,0.1,90.40234,1638995939999
Fix,GT,34.1510076,-118.6802478,242.5618193215728,27.465649,0.1,91.50192,1638995940999
Fix,GT,34.1509948,-118.6799513,243.65377512484787,27.407251,0.1,94.30359,1638995941999
Fix,GT,34.1509687,-118.6796545,244.8837674182057,27.701157,0.1,97.35382,1638995942999
Fix,GT,34.1509304,-118.6793583,246.17476884400847,27.672089,0.1,99.94394,1638995943999
Fix,GT,34.1508811,-118.6790634,247.4887647781372,27.919193,0.1,102.36853,1638995944999
Fix,GT,34.1508215,-118.6787683,248.84675333678723,28.06993,0.1,104.630554,1638995945999
Fix,GT,34.1507518,-118.6784777,250.26874368554357,27.773296,0.1,107.58679,1638995946999
Fix,GT,34.1506706,-118.6781965,251.70375616860392,27.167027,0.1,110.34973,1638995947999
Fix,GT,34.1505824,-118.6779263,253.20973540610075,26.378288,0.1,112.075836,1638995948999
Fix,GT,34.1504917,-118.6776645,254.6877219800949,26.097214,0.1,112.6803,1638995949999
Fix,GT,34.1504002,-118.6774032,256.22570850986244,26.20684,0.1,112.82034,1638995950999
Fix,GT,34.1503078,-118.6771394,257.788706154108,26.476837,0.1,112.5885,1638995951999
Fix,GT,34.1502165,-118.6768773,259.33671683263776,25.86519,0.1,112.61212,1638995952999
Fix,GT,34.1501277,-118.6766225,260.8437088880539,25.077524,0.1,112.68671,1638995953999
Fix,GT,34.1500413,-118.6763758,262.29373643416164,24.308262,0.1,112.80719,1638995954999
Fix,GT,34.1499571,-118.676137,263.69073786115644,23.547369,0.1,112.86337,1638995955999
Fix,GT,34.1498753,-118.6759052,265.05774868035314,23.036549,0.1,112.88797,1638995956999
Fix,GT,34.1497938,-118.6756745,266.45572382545475,23.42274,0.1,112.73758,1638995957999
Fix,GT,34.1497124,-118.6754416,267.99570831513404,22.836367,0.1,112.95181,1638995958999
Fix,GT,34.1496334,-118.6752197,269.47174551737305,21.746069,0.1,113.21442,1638995959999
Fix,GT,34.1495583,-118.6750065,270.7697469871044,20.979597,0.1,112.54233,1638995960999
Fix,GT,34.1494881,-118.6747988,272.05275979542733,20.466993,0.1,111.738434,1638995961999
Fix,GT,34.1494208,-118.6745899,273.3437575073242,20.942308,0.1,110.602356,1638995962999
Fix,GT,34.1493571,-118.6743729,274.6407533154488,21.400146,0.1,108.466736,1638995963999
Fix,GT,34.149299,-118.6741491,275.9207509962321,21.756767,0.1,106.31366,1638995964999
Fix,GT,34.1492471,-118.6739197,277.15776772522923,22.105461,0.1,104.2428,1638995965999
Fix,GT,34.1492006,-118.6736835,278.4847253761291,22.56208,0.1,102.444,1638995966999
Fix,GT,34.1491593,-118.6734397,279.9237191904187,23.375082,0.1,100.47388,1638995967999
Fix,GT,34.149125,-118.6731841,281.3167340334654,24.317522,0.1,97.878204,1638995968999
Fix,GT,34.1490995,-118.6729192,282.7357297611833,24.648687,0.1,95.52533,1638995969999
Fix,GT,34.1490816,-118.6726538,284.17173316353563,24.422798,0.1,93.75763,1638995970999
Fix,GT,34.1490711,-118.6723896,285.5727211787104,24.403242,0.1,91.6402,1638995971999
Fix,GT,34.149069,-118.6721242,286.9287496193647,24.476309,0.1,89.403625,1638995972999
Fix,GT,34.1490754,-118.6718564,288.1677550037504,24.858334,0.1,87.27118,1638995973999
Fix,GT,34.149088,-118.6715862,289.40975073033576,25.127085,0.1,86.36105,1638995974999
Fix,GT,34.1491019,-118.6713127,290.66273870188,25.430676,0.1,86.37421,1638995975999
Fix,GT,34.1491159,-118.6710354,292.04771308112146,25.70964,0.1,86.330475,1638995976999
Fix,GT,34.1491306,-118.6707562,293.5277203893661,25.912617,0.1,86.09534,1638995977999
Fix,GT,34.1491469,-118.6704733,295.0617004762888,26.385468,0.1,85.84067,1638995978999
Fix,GT,34.1491638,-118.6701851,296.6076999989748,26.84896,0.1,85.79297,1638995979999
Fix,GT,34.1491812,-118.6698931,298.1836780392528,27.138758,0.1,85.69058,1638995980999
Fix,GT,34.1491975,-118.6695988,299.7767048891186,27.339045,0.1,86.45236,1638995981999
Fix,GT,34.1492116,-118.6693022,301.2437318094373,27.424255,0.1,86.68222,1638995982999
Fix,GT,34.1492258,-118.6690055,302.5467451096774,27.431646,0.1,86.38873,1638995983999
Fix,GT,34.1492405,-118.668706,303.7147820056081,27.970179,0.1,86.55182,1638995984999
Fix,GT,34.1492557,-118.6684016,304.7448151007891,28.163586,0.1,86.285126,1638995985999
Fix,GT,34.1492715,-118.6680982,305.6378305600881,27.858944,0.1,86.34302,1638995986999
Fix,GT,34.149288,-118.6677955,306.4098638401628,28.135763,0.1,85.92224,1638995987999
Fix,GT,34.1493052,-118.6674885,307.0258972225189,28.81262,0.1,86.05557,1638995988999
Fix,GT,34.1493234,-118.6671738,307.46694654786586,29.26765,0.1,86.04526,1638995989999
Fix,GT,34.1493412,-118.6668555,307.68898017132284,29.439352,0.1,85.79175,1638995990999
Fix,GT,34.149363,-118.666539,307.764,29.127235,0.1,84.66156,1638995991999
Fix,GT,34.1493892,-118.6662261,307.6950179021358,28.892405,0.1,83.741,1638995992999
Fix,GT,34.1494186,-118.6659148,307.4960458239317,28.860544,0.1,83.06979,1638995993999
Fix,GT,34.1494514,-118.665605,307.1490858066678,28.786268,0.1,81.88641,1638995994999
Fix,GT,34.1494916,-118.6652951,306.64512591576573,28.987644,0.1,80.32025,1638995995999
Fix,GT,34.1495372,-118.6649851,305.7861681480408,29.040394,0.1,79.37384,1638995996999
Fix,GT,34.1495875,-118.6646757,304.9291684184074,29.058516,0.1,78.13815,1638995997999
Fix,GT,34.1496434,-118.6643678,304.0861807326079,29.022806,0.1,77.09552,1638995998999
Fix,GT,34.1497035,-118.6640643,303.2531588926315,28.392736,0.1,75.95557,1638995999999
Fix,GT,34.1497664,-118.66377,302.4411571230888,27.697025,0.1,75.03259,1638996000999
Fix,GT,34.1498319,-118.6634829,301.6631573741436,27.202318,0.1,73.97278,1638996001999
Fix,GT,34.1499015,-118.6632005,300.91315761590005,27.147366,0.1,72.913635,1638996002999
Fix,GT,34.1499734,-118.662918,300.1271619148255,27.427258,0.1,73.209564,1638996003999
Fix,GT,34.1500449,-118.662628,299.2831743249893,28.505095,0.1,73.275085,1638996004999
Fix,GT,34.1501211,-118.6623246,298.3062009950876,29.937073,0.1,72.69287,1638996005999
Fix,GT,34.1502041,-118.6620074,297.28320536863805,31.370287,0.1,72.04782,1638996006999
Fix,GT,34.150293,-118.6616774,296.32118736457824,32.546967,0.1,71.62042,1638996007999
Fix,GT,34.1503871,-118.6613392,295.3621998877525,33.14997,0.1,71.06656,1638996008999
Fix,GT,34.1504849,-118.6609969,294.3991920316219,33.590435,0.1,70.69772,1638996009999
Fix,GT,34.150585,-118.6606517,293.39020664489266,33.802963,0.1,70.63245,1638996010999
Fix,GT,34.1506845,-118.6603056,292.3751946747303,33.744164,0.1,70.86084,1638996011999
Fix,GT,34.1507831,-118.6599599,291.3702113876343,33.664017,0.1,70.953064,1638996012999
Fix,GT,34.1508814,-118.659615,290.3451952749491,33.594112,0.1,70.84839,1638996013999
Fix,GT,34.1509805,-118.6592713,289.3452202856541,33.50828,0.1,70.57001,1638996014999
Fix,GT,34.1510801,-118.6589287,288.3382082462311,33.430603,0.1,70.740234,1638996015999
Fix,GT,34.1511784,-118.6585864,287.32321062421795,33.368683,0.1,70.77988,1638996016999
Fix,GT,34.1512766,-118.6582448,286.3181964753866,33.310974,0.1,70.828064,1638996017999
Fix,GT,34.1513743,-118.6579038,285.31120092391967,33.232452,0.1,70.862915,1638996018999
Fix,GT,34.1514711,-118.6575633,284.2881867032051,33.15704,0.1,71.119385,1638996019999
Fix,GT,34.151567,-118.6572231,283.33119945907595,33.091816,0.1,70.9613,1638996020999
Fix,GT,34.1516638,-118.656884,282.32122888779645,33.032368,0.1,70.77786,1638996021999
Fix,GT,34.151761,-118.6565456,281.3222208931446,32.988422,0.1,70.763306,1638996022999
Fix,GT,34.1518581,-118.6562077,280.32422332143784,32.940292,0.1,70.83359,1638996023999
Fix,GT,34.1519543,-118.6558699,279.3241985704899,32.92689,0.1,71.072205,1638996024999
Fix,GT,34.1520505,-118.6555323,278.3342114368677,32.89172,0.1,70.77127,1638996025999
Fix,GT,34.1521474,-118.6551956,277.33020755684373,32.80909,0.1,70.69284,1638996026999
Fix,GT,34.1522442,-118.6548599,276.42018267846106,32.73126,0.1,70.798035,1638996027999
Fix,GT,34.1523406,-118.6545249,275.6051640224457,32.63578,0.1,70.66522,1638996028999
Fix,GT,34.1524383,-118.6541917,274.8261453188658,32.531162,0.1,69.9303,1638996029999
Fix,GT,34.1525405,-118.6538615,273.8892024860382,32.443047,0.1,68.93506,1638996030999
Fix,GT,34.152648,-118.6535342,272.9062112388611,32.521404,0.1,67.67471,1638996031999
Fix,GT,34.1527623,-118.6532066,271.9231946303845,33.01752,0.1,66.574524,1638996032999
Fix,GT,34.1528842,-118.6528766,270.87515678429605,33.46222,0.1,65.07129,1638996033999
Fix,GT,34.153013,-118.6525487,269.88120157724615,33.41096,0.1,64.09503,1638996034999
Fix,GT,34.153146,-118.6522239,268.8592125024795,33.340702,0.1,63.207,1638996035999
Fix,GT,34.1532816,-118.6519033,267.7142596384287,32.87258,0.1,62.545593,1638996036999
Fix,GT,34.1534171,-118.6515904,266.5482536298037,32.22081,0.1,62.114197,1638996037999
Fix,GT,34.1535515,-118.651283,265.4782091870308,31.81605,0.1,61.998505,1638996038999
Fix,GT,34.1536842,-118.6509811,264.49820735311505,31.227556,0.1,61.96585,1638996039999
Fix,GT,34.1538158,-118.6506822,263.54119053298234,31.187634,0.1,61.86966,1638996040999
Fix,GT,34.1539474,-118.6503834,262.62019939005376,31.184559,0.1,61.996857,1638996041999
Fix,GT,34.1540785,-118.6500844,261.68119324243065,31.069181,0.1,62.078247,1638996042999
Fix,GT,34.1542068,-118.6497905,260.767195677042,30.14706,0.1,62.190674,1638996043999
Fix,GT,34.1543312,-118.6495039,259.875193811059,29.549007,0.1,62.34851,1638996044999
Fix,GT,34.1544532,-118.6492217,258.9981811556816,29.03542,0.1,62.25415,1638996045999
Fix,GT,34.1545734,-118.6489466,258.13318142104146,28.323685,0.1,61.945618,1638996046999
Fix,GT,34.1546932,-118.6486753,257.2661816864014,28.32506,0.1,61.74994,1638996047999
Fix,GT,34.1548117,-118.6484078,256.42618411785367,27.506796,0.1,61.85373,1638996048999
Fix,GT,34.1549257,-118.648148,255.61218221712116,26.716982,0.1,62.081726,1638996049999
Fix,GT,34.1550357,-118.6478962,254.91013468945027,25.61148,0.1,62.178802,1638996050999
Fix,GT,34.1551405,-118.6476553,254.3461087754965,24.656702,0.1,62.1745,1638996051999
Fix,GT,34.1552419,-118.6474218,253.8940871491432,24.102486,0.1,62.35495,1638996052999
Fix,GT,34.1553415,-118.6471904,253.5640589093566,23.953575,0.1,62.52408,1638996053999
Fix,GT,34.1554401,-118.6469604,253.3020524396896,23.763735,0.1,62.510254,1638996054999
Fix,GT,34.1555388,-118.6467328,253.08404813921453,23.567753,0.1,62.02121,1638996055999
Fix,GT,34.1556381,-118.6465079,252.84804820871352,23.397564,0.1,61.720337,1638996056999
Fix,GT,34.1557373,-118.646285,252.6110548616052,23.2141,0.1,61.66046,1638996057999
Fix,GT,34.1558354,-118.646064,252.38604175484176,22.928679,0.1,61.86023,1638996058999
Fix,GT,34.1559304,-118.6458469,252.14204621642827,22.368439,0.1,62.283936,1638996059999
Fix,GT,34.1560231,-118.6456326,251.91605950641636,22.20133,0.1,62.36267,1638996060999
Fix,GT,34.1561152,-118.6454201,251.6920507619381,21.877943,0.1,62.1998,1638996061999
Fix,GT,34.1562056,-118.6452133,251.47005525648595,21.340826,0.1,62.017944,1638996062999
Fix,GT,34.1562941,-118.6450118,251.26104869520665,20.587273,0.1,61.994476,1638996063999
Fix,GT,34.1563794,-118.6448177,251.0550443315506,20.060562,0.1,61.924316,1638996064999
Fix,GT,34.1564647,-118.6446254,250.8420488328934,20.187635,0.1,61.634125,1638996065999
Fix,GT,34.156551,-118.6444306,250.62906001818175,20.630701,0.1,62.06891,1638996066999
Fix,GT,34.156638,-118.6442292,250.4260422939062,21.132027,0.1,62.50888,1638996067999
Fix,GT,34.1567263,-118.6440232,250.1980490427017,21.682034,0.1,62.508484,1638996068999
Fix,GT,34.1568177,-118.643812,250.058,22.237696,0.1,62.10251,1638996069999
Fix,GT,34.1569133,-118.6435943,249.89703353118892,23.234074,0.1,61.90683,1638996070999
Fix,GT,34.1570139,-118.6433662,249.75402238631247,24.415358,0.1,61.92578,1638996071999
Fix,GT,34.157119,-118.6431263,249.62902690076828,25.619589,0.1,62.169617,1638996072999
Fix,GT,34.1572276,-118.6428745,249.5520112247467,26.634535,0.1,62.608,1638996073999
Fix,GT,34.1573391,-118.6426136,249.46801798486703,27.4621,0.1,62.634186,1638996074999
Fix,GT,34.1574532,-118.642346,249.3960270144939,27.822126,0.1,62.982056,1638996075999
Fix,GT,34.1575651,-118.6420773,249.31301803541183,27.606117,0.1,63.47229,1638996076999
Fix,GT,34.1576717,-118.6418108,249.2150112876296,26.760962,0.1,64.81116,1638996077999
Fix,GT,34.1577681,-118.6415534,249.12803391116856,25.440207,0.1,66.54602,1638996078999
Fix,GT,34.1578538,-118.6413033,248.95704301303624,24.544361,0.1,68.259674,1638996079999
Fix,GT,34.1579311,-118.6410584,248.84302493768928,23.825386,0.1,69.66083,1638996080999
Fix,GT,34.1580025,-118.6408195,248.7570068104863,23.123692,0.1,70.2572,1638996081999
Fix,GT,34.1580716,-118.640585,248.6590136402845,22.776283,0.1,70.414734,1638996082999
Fix,GT,34.1581391,-118.6403539,248.5310295942426,22.31177,0.1,70.490265,1638996083999
Fix,GT,34.1582046,-118.6401306,248.41402507668727,21.281523,0.1,70.181335,1638996084999
Fix,GT,34.1582684,-118.6399195,248.3160433731675,20.106346,0.1,69.36963,1638996085999
Fix,GT,34.1583311,-118.6397243,248.2510434320569,18.38543,0.1,68.259674,1638996086999
Fix,GT,34.1583903,-118.6395465,248.18701831293103,17.043049,0.1,67.837006,1638996087999
Fix,GT,34.1584456,-118.6393801,248.1899885389209,16.114492,0.1,68.15448,1638996088999
Fix,GT,34.1584968,-118.6392224,248.15199540913105,15.205882,0.1,68.74805,1638996089999
Fix,GT,34.1585442,-118.6390702,248.191,14.754888,0.1,69.677155,1638996090999
Fix,GT,34.1585844,-118.6389269,248.22999539661407,12.727052,0.1,72.07507,1638996091999
Fix,GT,34.1586128,-118.6388065,248.213993085444,10.50337,0.1,75.15283,1638996092999
Fix,GT,34.1586293,-118.6387091,248.2669884599447,7.8771644,0.1,80.03186,1638996093999
Fix,GT,34.1586341,-118.6386383,248.3049861326218,5.4836187,0.1,86.69678,1638996094999
Fix,GT,34.1586327,-118.6385894,248.32000231432917,3.9087248,0.1,91.7782,1638996095999
Fix,GT,34.1586294,-118.6385528,248.3489953649044,2.9396796,0.1,95.617615,1638996096999
Fix,GT,34.1586262,-118.6385285,248.35699535870552,1.6958275,0.1,97.611694,1638996097999
Fix,GT,34.1586245,-118.6385172,248.362,0.4433863,0.1,98.58731,1638996098999
Fix,GT,34.1586244,-118.6385163,248.35600465393068,0.0070186933,0.1,98.68463,1638996099999
Fix,GT,34.1586244,-118.6385164,248.356,0.0044690836,0.1,98.68317,1638996100999
Fix,GT,34.1586244,-118.6385164,248.356,0.003161899,0.1,98.68021,1638996101999
Fix,GT,34.1586244,-118.6385164,248.356,0.0,0.1,98.67825,1638996102999
Fix,GT,34.1586244,-118.6385164,248.356,0.001,0.1,98.67697,1638996103999
Fix,GT,34.1586244,-118.6385164,248.356,0.0022331723,0.1,98.67572,1638996104999
Fix,GT,34.1586244,-118.6385164,248.356,0.001997654,0.1,98.67459,1638996105999
Fix,GT,34.1586244,-118.6385164,248.356,0.0010023491,0.1,98.67325,1638996106999
Fix,GT,34.1586244,-118.6385164,248.356,0.001,0.1,98.671844,1638996107999
Fix,GT,34.1586244,-118.6385164,248.356,0.001,0.1,98.6705,1638996108999
Fix,GT,34.1586244,-118.6385164,248.356,0.0,0.1,98.66934,1638996109999
Fix,GT,34.1586244,-118.6385164,248.356,0.0009976384,0.1,98.66815,1638996110999
Fix,GT,34.1586244,-118.6385164,248.356,0.001,0.1,98.66681,1638996111999
Fix,GT,34.1586244,-118.6385164,248.356,0.0014132328,0.1,98.665344,1638996112999
Fix,GT,34.1586244,-118.6385164,248.356,0.001,0.1,98.66394,1638996113999
Fix,GT,34.1586244,-118.6385164,248.356,0.001,0.1,98.66263,1638996114999
Fix,GT,34.1586244,-118.6385164,248.356,0.0,0.1,98.661316,1638996115999
Fix,GT,34.1586244,-118.6385164,248.356,0.0014142136,0.1,98.660034,1638996116999
Fix,GT,34.1586244,-118.6385164,248.356,0.0014132262,0.1,98.65878,1638996117999
Fix,GT,34.1586244,-118.6385164,248.356,0.001,0.1,98.65729,1638996118999
Fix,GT,34.1586244,-118.6385164,248.356,2.3900272e-06,0.1,98.65573,1638996119999
Fix,GT,34.1586244,-118.6385164,248.356,0.0009976069,0.1,98.6546,1638996120999
Fix,GT,34.1586244,-118.6385164,248.356,0.001,0.1,98.65289,1638996121999
Fix,GT,34.1586244,-118.6385164,248.356,0.002,0.1,98.65167,1638996122999
Fix,GT,34.1586244,-118.6385164,248.356,0.0022355008,0.1,98.65045,1638996123999
Fix,GT,34.1586244,-118.6385164,248.356,0.0031622776,0.1,98.648926,1638996124999
Fix,GT,34.1586244,-118.6385164,248.356,0.0041231057,0.1,98.64746,1638996125999
Fix,GT,34.1586244,-118.6385164,248.356,0.0041254596,0.1,98.64606,1638996126999
Fix,GT,34.1586244,-118.6385164,248.356,0.0041231057,0.1,98.64459,1638996127999
Fix,GT,34.1586244,-118.6385164,248.356,0.0031622776,0.1,98.64325,1638996128999
Fix,GT,34.1586244,-118.6385164,248.356,0.001,0.1,98.64197,1638996129999
Fix,GT,34.1586244,-118.6385164,248.356,0.004122807,0.1,98.64075,1638996130999
Fix,GT,34.1586244,-118.6385164,248.355,0.011178544,0.1,98.63928,1638996131999
Fix,GT,34.1586244,-118.6385164,248.354,0.018443426,0.1,98.638245,1638996132999
Fix,GT,34.1586239,-118.6385134,248.34500486826892,0.7652897,0.1,98.984924,1638996133999
Fix,GT,34.1586205,-118.6384955,248.34100243729355,2.6772788,0.1,101.13379,1638996134999
Fix,GT,34.1586117,-118.6384578,248.3689902381897,4.5957,0.1,105.16562,1638996135999
Fix,GT,34.1585944,-118.6384021,248.36999022555352,6.5811243,0.1,111.00809,1638996136999
Fix,GT,34.1585657,-118.6383319,248.38797063946723,7.8759193,0.1,117.59021,1638996137999
Fix,GT,34.1585264,-118.6382583,248.4139877503514,8.277838,0.1,124.38916,1638996138999
Fix,GT,34.1584798,-118.6381905,248.44199509394167,8.140501,0.1,131.2024,1638996139999
Fix,GT,34.1584297,-118.6381316,248.4469950876236,7.645325,0.1,136.8905,1638996140999
Fix,GT,34.1583784,-118.6380788,248.4689950813055,7.4477005,0.1,139.62283,1638996141999
Fix,GT,34.1583268,-118.6380266,248.4960123125315,7.6425314,0.1,139.9737,1638996142999
Fix,GT,34.158276,-118.6379691,248.428992603004,7.636204,0.1,134.45612,1638996143999
Fix,GT,34.1582356,-118.6379006,248.415,7.6806927,0.1,121.5578,1638996144999
Fix,GT,34.1582088,-118.6378168,248.41602471983435,8.624609,0.1,106.66879,1638996145999
Fix,GT,34.1581996,-118.6377173,248.3570123757124,9.516337,0.1,91.78616,1638996146999
Fix,GT,34.1582061,-118.6376074,248.28100991296768,10.538216,0.1,83.28342,1638996147999
Fix,GT,34.1582218,-118.6374907,248.3329578151703,10.973421,0.1,79.792145,1638996148999
Fix,GT,34.1582409,-118.6373745,248.62789813303945,10.69902,0.1,77.80258,1638996149999
Fix,GT,34.1582619,-118.637264,249.02891541957857,10.0938835,0.1,76.58804,1638996150999
Fix,GT,34.1582825,-118.6371628,249.432952673316,9.064586,0.1,75.741,1638996151999
Fix,GT,34.1583023,-118.6370723,249.8209052288532,8.215011,0.1,74.50058,1638996152999
Fix,GT,34.1583227,-118.6369899,250.2229125981331,7.6439614,0.1,72.50723,1638996153999
Fix,GT,34.1583448,-118.6369135,250.56691749024392,7.1517973,0.1,69.88779,1638996154999
Fix,GT,34.1583688,-118.6368418,250.8999098734856,7.24514,0.1,67.15732,1638996155999
Fix,GT,34.158397,-118.636768,251.24291226851935,7.6155243,0.1,64.32495,1638996156999
Fix,GT,34.1584291,-118.6366932,251.58492721658948,7.782882,0.1,62.0343,1638996157999
Fix,GT,34.1584635,-118.6366179,251.88291204738616,8.019287,0.1,60.785614,1638996158999
Fix,GT,34.1584994,-118.6365406,252.09696477472784,8.261303,0.1,61.606506,1638996159999
Fix,GT,34.158525,-118.636459,252.06807054066655,8.170205,0.1,73.7652,1638996160999
Fix,GT,34.1585291,-118.636373,251.89704288095237,8.156968,0.1,92.109375,1638996161999
Fix,GT,34.1585068,-118.6362893,251.6471010251045,8.787046,0.1,113.21976,1638996162999
Fix,GT,34.1584593,-118.6362067,251.32607586181163,10.132707,0.1,127.52811,1638996163999
Fix,GT,34.1583936,-118.6361215,250.88710380977392,11.489607,0.1,134.11859,1638996164999
Fix,GT,34.158316,-118.636031,250.4310912616253,12.342043,0.1,135.98834,1638996165999
Fix,GT,34.1582334,-118.635943,249.98207868617772,11.972159,0.1,139.39734,1638996166999
Fix,GT,34.1581514,-118.6358635,249.57210165691376,11.649401,0.1,141.64426,1638996167999
Fix,GT,34.1580655,-118.6357865,249.2220737928748,12.333352,0.1,144.0011,1638996168999
Fix,GT,34.157969,-118.6357056,249.03405604898927,13.975417,0.1,145.31653,1638996169999
Fix,GT,34.1578598,-118.6356168,248.85403571259977,14.974631,0.1,146.28012,1638996170999
Fix,GT,34.1577446,-118.6355261,248.739017877996,15.4933815,0.1,146.84686,1638996171999
Fix,GT,34.1576274,-118.6354354,248.77092584067583,15.383396,0.1,147.34988,1638996172999
Fix,GT,34.1575115,-118.635347,248.8899487936497,15.03551,0.1,147.61911,1638996173999
Fix,GT,34.1573984,-118.635261,249.089938475132,14.557498,0.1,147.62732,1638996174999
Fix,GT,34.1572908,-118.6351788,249.2509384007454,13.769665,0.1,147.29181,1638996175999
Fix,GT,34.1571902,-118.6350999,249.42495888233185,12.770781,0.1,146.3772,1638996176999
Fix,GT,34.1571005,-118.6350267,249.5889639786482,11.1372,0.1,145.1182,1638996177999
Fix,GT,34.1570229,-118.634961,249.71995362889768,9.978678,0.1,144.85742,1638996178999
Fix,GT,34.1569542,-118.6349036,249.86696389019488,8.542922,0.1,145.17761,1638996179999
Fix,GT,34.156898,-118.6348573,249.95098192256688,6.73162,0.1,145.4234,1638996180999
Fix,GT,34.1568527,-118.6348197,250.03899224323035,5.4148946,0.1,145.12747,1638996181999
Fix,GT,34.1568195,-118.6347921,250.109,3.6426702,0.1,145.24805,1638996182999
Fix,GT,34.1567966,-118.6347732,250.15699222427608,2.5467594,0.1,145.32178,1638996183999
Fix,GT,34.1567808,-118.6347601,250.1909896194935,1.7322929,0.1,145.01263,1638996184999
Fix,GT,34.1567718,-118.6347525,250.20999740177396,0.6989038,0.1,144.80594,1638996185999
Fix,GT,34.1567694,-118.6347506,250.217,0.011472204,0.1,144.74005,1638996186999
Fix,GT,34.1567694,-118.6347506,250.216,0.002236068,0.1,144.74182,1638996187999
Fix,GT,34.1567694,-118.6347506,250.217,0.0031598622,0.1,144.74194,1638996188999
Fix,GT,34.1567694,-118.6347506,250.217,0.005382781,0.1,144.742,1638996189999
Fix,GT,34.1567694,-118.6347506,250.217,0.0064031244,0.1,144.74188,1638996190999
Fix,GT,34.1567694,-118.6347506,250.217,0.00948778,0.1,144.74158,1638996191999
Fix,GT,34.1567694,-118.6347506,250.217,0.011403755,0.1,144.74185,1638996192999
Fix,GT,34.1567694,-118.6347506,250.217,0.015033296,0.1,144.74182,1638996193999
Fix,GT,34.1567694,-118.6347506,250.217,0.018026276,0.1,144.74097,1638996194999
Fix,GT,34.1567694,-118.6347506,250.217,0.017203173,0.1,144.74063,1638996195999
Fix,GT,34.1567694,-118.6347506,250.217,0.018355282,0.1,144.74014,1638996196999
Fix,GT,34.1567694,-118.6347506,250.217,0.023083987,0.1,144.73965,1638996197999
Fix,GT,34.1567694,-118.6347506,250.217,0.034994762,0.1,144.73926,1638996198999
Fix,GT,34.1567694,-118.6347506,250.217,0.056029264,0.1,144.73865,1638996199999
Fix,GT,34.1567693,-118.6347503,250.218,0.082457244,0.1,144.74048,1638996200999
Fix,GT,34.1567679,-118.6347483,250.2189973512292,0.5196304,0.1,144.65253,1638996201999
Fix,GT,34.1567634,-118.6347422,250.226,0.9877514,0.1,142.61462,1638996202999
Fix,GT,34.1567566,-118.6347197,250.2269814139605,3.1527212,0.1,121.421295,1638996203999
Fix,GT,34.1567596,-118.63467,250.26298936676977,4.888104,0.1,85.84961,1638996204999
Fix,GT,34.1567758,-118.6346209,250.2080585522652,4.227739,0.1,68.552765,1638996205999
Fix,GT,34.156793,-118.6345828,250.01186676871777,3.6481168,0.1,60.477173,1638996206999
Fix,GT,34.1568148,-118.6345531,250.37589862418176,3.5731182,0.1,48.711243,1638996207999
Fix,GT,34.1568468,-118.6345334,250.40601068377495,4.111266,0.1,25.566193,1638996208999
Fix,GT,34.1568914,-118.6345354,250.32901337051396,5.276229,0.1,354.24332,1638996209999
Fix,GT,34.1569408,-118.6345611,250.26201606357097,6.1444106,0.1,334.14777,1638996210999
Fix,GT,34.1569898,-118.6345919,250.1980562888384,5.815127,0.1,331.608,1638996211999
Fix,GT,34.1570322,-118.6346194,250.1470134178996,4.724777,0.1,331.85522,1638996212999
Fix,GT,34.1570664,-118.6346332,250.108,3.50909,0.1,343.94662,1638996213999
Fix,GT,34.1570923,-118.6346293,250.07300268989803,2.546479,0.1,5.230377,1638996214999
Fix,GT,34.1571085,-118.6346141,250.03900269311663,2.0224037,0.1,28.287354,1638996215999
Fix,GT,34.157116,-118.6345991,250.02200539267065,1.1101966,0.1,44.061737,1638996216999
Fix,GT,34.1571173,-118.6345918,249.9940026994348,0.3072816,0.1,51.86078,1638996217999
Fix,GT,34.1571168,-118.6345896,249.984,0.10086351,0.1,54.67502,1638996218999
Fix,GT,34.1571164,-118.6345882,249.9779972942472,0.03692075,0.1,56.467987,1638996219999
Fix,GT,34.1571159,-118.6345885,249.97399729102847,0.0532994,0.1,56.45865,1638996220999
Fix,GT,34.1571156,-118.6345887,249.97,0.02732265,0.1,56.458252,1638996221999
Fix,GT,34.1571156,-118.6345884,249.9659972847104,0.11479613,0.1,56.62857,1638996222999
Fix,GT,34.1571156,-118.6345883,249.96700271838907,0.02849286,0.1,56.736053,1638996223999
Fix,GT,34.1571158,-118.6345882,249.966,0.017442537,0.1,56.82007,1638996224999
Fix,GT,34.1571159,-118.6345881,249.965,0.006323671,0.1,56.80188,1638996225999
Fix,GT,34.157116,-118.6345881,249.9649972720742,0.008059936,0.1,56.801147,1638996226999
Fix,GT,34.1571161,-118.634588,249.964,0.0067073707,0.1,56.801575,1638996227999
Fix,GT,34.1571162,-118.634588,249.964,0.005,0.1,56.80179,1638996228999
Fix,GT,34.1571162,-118.634588,249.964,0.002235422,0.1,56.801666,1638996229999
Fix,GT,34.1571162,-118.634588,249.964,0.0010027407,0.1,56.801605,1638996230999
Fix,GT,34.1571162,-118.634588,249.964,0.0014142136,0.1,56.801758,1638996231999
Fix,GT,34.1571162,-118.634588,249.964,0.0019972532,0.1,56.802124,1638996232999
Fix,GT,34.1571162,-118.634588,249.964,0.002236068,0.1,56.802277,1638996233999
Fix,GT,34.1571162,-118.634588,249.964,0.002,0.1,56.802307,1638996234999
Fix,GT,34.1571162,-118.634588,249.964,0.0019983854,0.1,56.802216,1638996235999
Fix,GT,34.1571162,-118.634588,249.964,0.0014142136,0.1,56.802185,1638996236999
Fix,GT,34.1571162,-118.634588,249.964,0.001,0.1,56.802216,1638996237999
Fix,GT,34.1571162,-118.634588,249.964,0.0009972341,0.1,56.80243,1638996238999
Fix,GT,34.1571162,-118.634588,249.964,0.0,0.1,56.802338,1638996239999
Fix,GT,34.1571162,-118.634588,249.964,0.0009972277,0.1,56.80255,1638996240999
Fix,GT,34.1571162,-118.634588,249.964,2.7754309e-06,0.1,56.802765,1638996241999
Fix,GT,34.1571162,-118.634588,249.964,0.0,0.1,56.802643,1638996242999
Fix,GT,34.1571162,-118.634588,249.964,0.0,0.1,56.802277,1638996243999
Fix,GT,34.1571162,-118.634588,249.964,2.7849676e-06,0.1,56.802612,1638996244999
Fix,GT,34.1571162,-118.634588,249.964,0.0009972119,0.1,56.802917,1638996245999
Fix,GT,34.1571162,-118.634588,249.964,0.0014130573,0.1,56.80304,1638996246999
Fix,GT,34.1571162,-118.634588,249.964,0.0,0.1,56.80298,1638996247999
